,振动频率(Hz),温度(℃),压力(kPa),润滑油膜厚度(mm),产品尺寸(mm),设备预警
0,55.194758406141624,76.19835461409156,553.1253554309964,0.9833051608078374,9.456667603336355,0
1,37.31249619245098,77.13560202510311,543.5302192367822,0.12516711796314486,9.927893673077545,0
2,52.4042002619621,60.13248319882818,499.23877411834906,0.37193333628336067,9.750624784605517,0
3,41.96042568202015,56.181623374242946,442.3427584060774,0.4848773653559548,9.844418017928806,0
4,50.17344099626918,65.23583468486639,758.300898758325,0.6802446725287424,10.142140817658094,0
5,53.94393830980499,41.64725439695788,548.7966803679938,0.6711829897288909,9.955256498767802,0
6,62.79132264052791,85.44092869374487,435.9104829768506,0.8992469533056662,9.816361480317413,1
7,56.59736374381539,57.15085741593316,501.8407966523399,0.7289540898223391,10.259897263990098,0
8,45.44619123859768,72.72825692024753,477.9374345251259,0.1477705311317564,10.134588130261413,0
9,64.65789026457902,72.50570693394496,479.71285519974145,0.991361635659468,9.449779182028164,0
10,45.81073274462226,74.02216777305915,453.9423223211643,0.9421365649767165,10.48049491925142,0
11,64.66305903969794,75.01780808769648,531.1689753105767,0.40066733743633665,10.807900221527891,0
12,52.167825225881764,87.55014692289058,559.1602134829893,0.9478541472839989,9.708296210314789,1
13,55.07742493811205,43.123345814110124,531.0971058334152,0.45224598435667573,9.611052696958977,0
14,59.73072063219148,96.62371490191651,475.624917723455,0.45373616999944855,10.625470970766354,1
15,46.433583886159994,93.96903451935421,468.6808021067224,0.42123876185060705,10.735115822988348,1
16,42.11705380912556,63.79990548842494,558.0077829924626,0.416870528117266,9.632854818317245,0
17,47.67422283394369,105.57956134960247,537.5228504838735,0.8226583956418705,9.958513155769719,1
18,41.5249874927468,75.00525124080326,536.8966705773414,0.3985190246529534,9.931875036527895,0
19,32.51747424482845,92.96672653752006,518.1446932751716,0.7956342274152197,9.713173644782191,0
20,58.080715705076884,66.92973284550379,531.3844749600896,0.7354949877101673,9.766557307425167,0
21,62.39795417019427,61.52802372140286,600.2467749627011,0.8149432620628815,9.798747060479917,0
22,55.606358551300644,50.013946319217276,543.640762365836,0.5694659869795841,9.964604393071024,0
23,44.571829673566626,62.84092913383752,370.65718771407876,0.8921684834348669,11.216008479853668,0
24,45.158505287489305,88.74886413526997,351.1802611226258,0.45140282198367254,9.10258146901972,1
25,63.198278242611764,79.97050003219078,612.4126347150119,0.2823547781931736,10.126538631995551,0
26,64.4553999828505,57.72803422087377,529.790323263635,0.35068280663602647,10.1033578798041,0
27,50.51817315187775,89.7935135810845,607.6610519268759,0.5061328041332722,10.397407939733526,1
28,66.28679424995798,90.10025143763563,499.86700976697495,0.9887886844845234,10.157392948232904,1
29,46.33999755880827,71.23863874516077,468.1217590643448,0.2819638750893862,10.349159427808564,1
30,49.75757911089902,85.4059533364568,607.6649014400466,0.6188316182256353,10.853100057623928,1
31,41.734345863490134,84.49647887427608,279.6041027534303,0.3003599027637397,9.646980761800096,1
32,34.44601641026985,80.91928011255368,588.1312907271974,0.7641275006760215,10.023193124741617,0
33,45.98129603365665,63.374978323601304,432.2605224811434,0.47289801540153753,10.76567603414059,0
34,43.91106975280991,69.60786552971449,433.532797417188,0.2584580663513848,10.308957344195532,0
35,49.33842716105464,74.74172623787089,467.65084621419265,0.32287129969942213,10.437019244330322,1
36,61.52184096278678,88.66510587752879,521.2390867647622,0.9448093237766713,9.789835328185676,1
37,49.92701971902958,78.09770698389207,484.7694400273672,0.6258091082424917,10.276317145634525,1
38,56.94592157936686,67.87229032802452,565.1219310203761,0.5343611917332626,9.664752694573682,0
39,47.142963202068344,63.890780845071376,512.1267523670417,0.20817560541254843,10.29188652113152,0
40,56.38565744501493,83.20360980002863,417.7642288769818,0.9742190326265069,9.865179398698311,1
41,61.12619443376353,77.97297647164743,679.5249324968167,0.5801395221358642,10.164055824053328,0
42,53.14809940737213,77.49896526361037,443.23070914298216,0.6921286546579155,10.645946944858023,1
43,67.65937877899862,63.061774439082214,515.0445395360447,0.29070127512156085,9.724782151491336,1
44,59.336238421732986,91.71834869353589,526.4491221289129,0.8159567484065174,9.585503316851584,1
45,49.346360310778635,96.92442076013656,574.6746455607482,0.13702511521353428,9.986355360723628,1
46,55.03956871294319,90.45604387937425,483.71807828858425,0.49544309620995,10.085750578447628,1
47,27.24059962821043,49.858802571420725,480.8406890854085,0.2707714919220912,9.782727803038068,0
48,43.31001830290187,86.4291406582816,519.307390797647,0.8837908280446463,9.682359213589125,0
49,67.48121833945036,63.19057082087411,452.2602102563107,0.6623769817590642,10.108872994353224,1
50,61.76452460131978,71.35117382436296,521.4600962716356,0.7476789979887062,10.12770614786386,1
51,67.28379756787524,80.88884451606457,579.0092066660288,0.15086895624804728,10.037734961623451,1
52,58.398073634458285,66.41505347020555,552.2866042728933,0.5756773996226917,9.786509005464598,0
53,49.07654285033231,69.26082032759703,567.1834665672878,0.2676822436534732,10.45322895087596,0
54,51.91202340218632,74.46351758473692,671.8269124571252,0.7049086595501463,10.147267287108768,0
55,51.08656114853601,102.72599844277221,388.5178996396878,0.5633512443911617,9.769529241407675,1
56,46.769791355075455,84.87582513738344,543.6428159569888,0.4705299756491286,9.93063466064194,1
57,57.03294412845677,72.52551170032962,401.71481371719483,0.5918091172620766,9.523414915170147,1
58,46.31922264267994,69.58970652090329,529.643811635673,0.9984712728737367,9.3402111898664,0
59,51.58556805080864,90.59810459281205,370.76585081534523,0.7901104437258215,9.875818884541513,1
60,56.502175003065474,79.94938026834645,489.8359774375376,0.592553759784759,9.962123195636096,1
61,41.30710054987871,79.80938016187994,529.6930802722087,0.31795707492627245,10.33771923941036,1
62,41.71448082273764,56.148416622187895,448.10602687042984,0.8492197832731326,10.765690276380512,0
63,60.20449887807345,66.2183338974753,535.1840245208145,0.983438977487697,10.05262115805132,0
64,38.782083870532105,87.26624256536536,494.3633968522561,0.7203027860174457,10.517893645136395,1
65,44.42815921648574,59.62078066824418,605.8587253895544,0.23930708292202232,8.990976241299455,0
66,57.439218269722375,89.1026566618983,393.70843304581194,0.49313692887001503,8.767826236476745,1
67,48.91928362371973,55.95681999040937,465.321431619338,0.279330288842356,10.242017861080056,0
68,44.524424714943734,79.16271513250595,586.9283904258504,0.3574689026329496,10.432422493714844,1
69,33.314649583365195,66.36123161549634,486.6763160021631,0.4617956891382953,10.100718824457136,0
70,61.56094070166926,51.731715399593796,458.97240201646935,0.155060333734784,9.832370056900837,0
71,48.86595661899715,39.7460620900717,427.9663381491858,0.19037933026755757,9.911078319727102,0
72,49.83912399199973,73.5602916425606,561.0148569331922,0.8908493741711218,10.00881477251104,0
73,53.49877421862163,111.87839325854671,497.69905584617374,0.7861390565412618,10.767238512871854,1
74,64.88909806069393,78.22477646706487,573.6419198942266,0.7253186327748921,9.896741829791221,0
75,51.936520168793216,75.85625169785838,435.81306954815295,0.9988513847542052,10.19453135218631,1
76,46.54491070373594,69.92766753393336,468.1331292165267,0.5058941195149587,10.20200861559834,1
77,53.06974791115904,81.0647209510981,454.06801452748556,0.16691042283744806,10.256663800741656,1
78,62.96766749963126,58.765402624957254,499.0353877935223,0.610506445786686,9.363107513872093,0
79,39.60767499291366,52.154590571072575,499.4901889146475,0.3644928180577831,9.367039893816706,0
80,48.07561394559001,80.70882376235662,478.7351435906617,0.4975546538995941,9.591863495285141,1
81,36.53994105372003,91.67760199507573,595.3008931661241,0.23082627928045174,9.369375714191314,0
82,50.81394687290267,72.26159391702184,444.08941353415224,0.1371170212462725,9.937441369236304,1
83,66.59225922879673,74.25779027599403,634.9072366676587,0.4405782780200872,9.817734740165447,1
84,42.30226508092398,41.099375671652325,499.645060468057,0.7722975945059669,10.234945672119647,0
85,50.26394194361034,69.33519000384976,418.5307909863653,0.254375862692787,9.511199303263139,1
86,55.21596527423917,69.67429229484574,636.7030814001006,0.44603977434749364,9.637137272193591,0
87,54.19104107599853,50.628785432103896,607.9713864077503,0.7758370706506436,10.475381519680477,0
88,62.94096963420129,87.61617435381064,471.3001062082964,0.2882855102438216,10.8022327497383,1
89,45.6140089852511,59.31140002358415,557.4517083247758,0.903169076417127,10.14857338806572,0
90,43.680344329703686,93.83425719167884,486.8277853132908,0.21495384644821602,10.01402484270549,1
91,42.700712010575096,84.82700771633266,547.2744934405973,0.35086893153942333,9.554993915734144,1
92,51.824919108374644,104.8219061310797,334.8058559270595,0.9849418758674036,10.473125373118235,1
93,46.67083921189687,58.69209056092859,526.6817306804022,0.9764383608359313,10.008497992402631,0
94,48.080309282787006,82.94821856553833,478.60895102684844,0.21069086612437454,9.783071539558717,1
95,41.07249024386742,40.838764178696145,556.5317209467936,0.14604287970069907,10.733045614155795,0
96,74.65108879436293,77.69622106093433,435.298125812776,0.8836326013609006,9.7316307298725,1
97,51.32774949367274,66.93084927138027,484.8437471373989,0.21319578280444224,10.296833471631913,1
98,48.02673975132045,66.7916033240049,497.2235681521512,0.6504037677375472,9.941922917656091,0
99,76.65144200060014,57.46419500866014,601.1185330374637,0.8872454912017607,9.63784838536192,0
100,54.44501423465828,61.94347460870169,435.5385235999921,0.35586760809363616,10.875962852517453,0
101,45.043791804710615,79.40772324756173,454.871795873774,0.7168733196628315,10.495580880936387,1
102,55.51173115912385,59.24987767365224,626.0829378803951,0.8889167195043794,11.578583296453917,0
103,60.88265773075108,80.58451733434528,613.3482464353135,0.2257584821286831,9.961219951900366,1
104,52.09373886854924,69.31149770601623,578.3738464973552,0.7433567895525378,9.471003904306329,0
105,39.68978158691031,62.63340929319821,503.4028779870405,0.2542754742427063,10.262635751267831,0
106,40.262747009460156,63.51519224168644,420.48798548507415,0.443696042747898,10.228020200829137,0
107,41.136435362074785,73.12738342089169,684.5828021845714,0.8956586363595376,10.651462212050983,0
108,65.5606168410192,60.220536117358876,441.2142550710262,0.47383177766787044,10.185472679094756,1
109,63.986568645513195,84.5431572104759,462.9019165000371,0.5443382022460415,10.42536589119067,1
110,37.723087823305164,81.6914675791163,568.3002595472451,0.6252624368679549,10.064559450631945,0
111,31.689085721544107,95.22039656370134,409.1006720816754,0.14729883245085396,10.583866210932145,1
112,38.582923621738374,64.73352515258503,490.62195848603136,0.8212217673310416,10.186217800140742,0
113,45.64375145403965,91.93576397146259,399.3516255477263,0.782921655027624,10.586720003808908,1
114,49.42924319697969,68.70044930607868,589.8889775058715,0.11802898702818998,9.851647567992034,0
115,44.839129415581326,81.35505561137383,520.0277449593781,0.28769801383694626,10.351864077404713,1
116,45.11759717738611,43.479665968168135,480.9464501026398,0.32140478176596243,9.285160675215712,0
117,60.407047979666274,94.35470156672369,594.332247043231,0.2911333809825289,10.391916100708182,1
118,46.06788109453455,62.942157986981854,401.8121910831284,0.7876202621909406,9.97706896050084,0
119,41.01190854710583,63.000853719846546,564.3914631137907,0.772992350715367,9.836651103297063,0
120,55.068222864165925,92.55957458819555,562.9919371135609,0.9999208465882545,9.65297926201452,1
121,48.885576560649874,77.09709620800679,516.473927140839,0.8098572809717625,10.247526812748871,0
122,40.61955582843811,90.71662688458686,456.5753483623742,0.9724365487945864,9.736736496338741,1
123,67.21699623973691,84.90122213435714,605.8580637513136,0.5935951790093401,10.360069174637541,1
124,61.06136679616674,97.45761216956144,554.1759515334251,0.8884446389509384,9.330516402362326,1
125,60.2428269184597,75.27317325636521,437.3936234891417,0.7957346961113063,9.822192734073871,0
126,43.274328676897035,71.18475100484258,479.9521151401826,0.5261758344229363,9.856819463869453,1
127,41.68474756277104,62.64451723863925,354.59738612225146,0.38270326514773945,9.277985066254686,0
128,45.348240776186366,78.77374128597471,455.3621465528789,0.6001654126833511,10.102863096690262,0
129,54.71994386845413,94.56314335655202,341.17361024482693,0.369105764291888,9.320869822231924,1
130,45.72565427654642,82.6853439333696,672.3915850752064,0.47712292682407964,8.599185445578515,0
131,52.712287966821684,81.83022565973039,534.7549397236753,0.37458224403076945,11.200072456666238,1
132,43.694431162159546,68.28098104603569,410.86748142432,0.5250116563049622,10.195991488761644,1
133,61.96411386381849,60.52877995676001,475.5687810595556,0.8592797611282793,10.078470879245463,0
134,52.30840154862297,78.94084469469384,673.1638416924977,0.49124361419265616,10.864124113261585,0
135,59.99090023863765,78.2445252194172,583.2604030517952,0.8005357055734633,10.260487568568161,1
136,49.658723191780105,81.07253051886404,540.6326597551285,0.8396922828812039,10.604771425360443,0
137,42.01895491630668,46.65585573946195,481.68871835589545,0.620504609328678,9.799144510019657,0
138,34.86294848607798,93.72244102374214,438.5057752752652,0.38419346444312596,9.310994516951183,1
139,51.06232526968009,55.043613210698226,522.4405275100033,0.915772654858467,10.025747684385442,0
140,49.06825893259862,95.50762260453412,522.7884548702119,0.1671795743225049,9.392585161965766,1
141,42.943662778131454,84.9165510154962,515.2800688651857,0.763339622526249,10.248391176245272,1
142,54.85353993651248,72.87979990691406,567.725530646843,0.5913509339858246,9.957840898160605,0
143,42.56922986142786,63.231798823482634,485.1247327233901,0.45128015242867814,9.991289392246568,0
144,50.12836602612088,46.31049980534709,388.6154180258977,0.2294666017803449,9.440826391709543,1
145,51.0578809144429,84.46021845544776,435.40111950186184,0.35068084480315553,10.315553607149768,1
146,51.86714153341813,56.382796714651036,502.75625529414424,0.15753365213335824,9.943055650698359,0
147,56.52537067803492,85.41265929626346,522.2937645182702,0.38799229170552396,10.068462292612752,1
148,33.45363882967284,52.75854557935965,558.0456633298646,0.3870540983698315,10.350895243124958,0
149,35.8421654552419,82.00978471897591,472.8756529567189,0.192276446169053,10.433724168797873,1
150,46.54772462514446,65.44966159529326,483.6873512805357,0.36527867314556783,10.54069824096959,0
151,56.356583373178196,47.06254819039853,446.3890812698564,0.19546644120484238,9.683907012205816,0
152,49.42938282437924,76.40420338980525,444.2757858201665,0.5152813164661477,10.073017417743902,1
153,24.008882167692832,111.46457174018155,520.7250746382476,0.3212391611712219,10.394951902910934,1
154,44.12772122846346,45.53541714643116,480.8312186841708,0.5838169677331236,10.52393519986066,0
155,49.730939586661,69.2866784020033,453.62368678819143,0.3464230401881494,10.542848677206816,1
156,45.33895458724504,81.18283011687063,573.7477991586148,0.7976526481250222,9.907752255512381,0
157,51.473423201619056,76.17584880845992,396.0317754418609,0.9633688407580099,10.119610409895238,1
158,70.51891292625965,108.50575915226017,479.09041071863743,0.18523790305215532,9.331541268486895,1
159,29.52403859833604,73.45783579849332,423.42853030772835,0.3104222112300114,10.087558921517047,0
160,39.6751001351782,72.55760462454094,454.8440152972549,0.38685113385713077,10.10061801135396,0
161,41.3657784500961,53.794967778536204,523.6510336854037,0.555434504921448,10.725552437325385,0
162,45.676476650107666,53.44120919872091,550.0196210796425,0.3495574235747527,9.298999886785131,0
163,50.30812216545828,97.57984886507609,466.89989926925927,0.710327716146473,9.974627904652403,1
164,54.35020159511194,62.231732713512244,344.0506366984682,0.8415595016488715,10.233488525397076,1
165,46.7013708659341,61.553431892836066,574.6798605359642,0.28309417784601065,9.823973073389714,0
166,55.11984669059371,82.61070550336044,516.8502553301732,0.23211258767433,10.18458365179835,1
167,43.997278808500134,54.01872851771105,485.0200701805472,0.9351628793754919,10.288270055682764,0
168,30.90557441374515,99.6698619210639,368.35091475536404,0.4086374080888716,9.962469125414906,1
169,68.81597712161143,52.99766422138737,482.5652781336447,0.5335781652139336,10.347800883369903,0
170,68.57243996634966,67.12967771772854,560.529522125648,0.17227017500060984,10.131929509187927,1
171,54.293946796661025,76.24306005027134,442.00053830200915,0.692623806545412,9.948634632916217,1
172,52.927326667054345,74.9521795153283,482.16391707547126,0.38297961666963487,10.075177973679416,1
173,41.826135763326,71.64754949714981,367.7475758466597,0.4484713773658615,9.973648053162128,1
174,39.05438731842159,61.64028590269618,549.0958022073877,0.63071707391548,10.146640661803815,0
175,47.08618306550848,86.52660696777117,473.14549112344787,0.712615165986431,9.35777535064252,0
176,51.65897227571851,82.01145894080379,549.8979627272786,0.35538631179183255,9.688627908452887,0
177,40.0205035233447,45.25580510451831,538.8761622984129,0.3857154024380458,10.451582480836562,0
178,47.23030313843381,94.17964328974614,477.91161750250313,0.38866193266779103,9.92961609452261,0
179,50.69928834519909,73.84169670623882,606.7515181957588,0.5318118722331793,9.972341353220713,0
180,50.57422831745299,53.94880998702757,495.74964932455964,0.5749817142980336,9.674121647587961,0
181,63.74326037256125,53.76465665060623,495.01303724310606,0.5545813649239477,9.606667432256593,0
182,47.615286532465916,105.2440243666731,562.0933169823131,0.9327204245356763,9.278452187556688,0
183,62.45199747572264,67.77431387774259,461.70044745724124,0.23654767040695301,9.26654179495474,1
184,61.452354092028386,61.929766724751055,563.4654232066206,0.10185119289205087,9.88212278833967,0
185,66.25212995757491,70.55760015138605,463.0069921375404,0.38760705826567887,9.860109853348717,1
186,56.39807610906767,72.32232155242906,450.3996070276717,0.20328462544503034,9.753705681557408,1
187,47.661196180736816,57.53737611415944,466.7680947753721,0.26720509421102734,10.142121497618563,0
188,27.96655411273745,66.77918547489907,486.12693120630354,0.32683844085989205,10.084777971281726,0
189,31.210933098464825,56.60573446802239,637.6836362752215,0.9160296985625777,9.446209799282245,0
190,46.842916145958085,73.77933017108262,476.9443803091539,0.9851631072932677,10.087184447084994,0
191,56.20888827158824,84.23465577324565,483.8924278894585,0.9554614262150315,9.839260965716274,0
192,55.56212622208058,91.92361726522093,448.2537521730381,0.5600226536224552,9.292967123011737,1
193,41.075896623621006,99.7488084971161,562.0613033454497,0.3651142187451336,10.058697495857047,1
194,37.216805289603585,56.327615542823565,666.3910559098558,0.7772024345644546,10.054067142848185,0
195,66.36442701341814,66.4304646482634,522.8534415963994,0.48028845087600847,10.225078687280769,0
196,46.331502973649066,58.45665596020339,396.06385642713474,0.193463179018143,9.441367626753998,0
197,40.15181065955548,102.53986156349067,366.61527428211167,0.1331974152564233,9.7410311046435,1
198,31.78159171062343,84.28235022200256,587.9031572002823,0.35834721863318286,10.671102240739836,0
199,56.574018376992,78.54108700639698,513.8527339590756,0.9233336112699115,9.414478894627964,1
200,60.46985409652155,61.70355750994082,459.02798597209005,0.6676793754644463,11.013217343501172,1
201,59.813523761049034,88.67545050472846,607.0274555131087,0.795258780408267,10.628256825085527,0
202,68.48304600383598,54.109307010708044,498.1793034307409,0.31829533114640807,9.41903191443194,0
203,38.083054649933025,86.98357675563524,381.25715479747885,0.30452732230447677,9.128651247505092,1
204,61.91450690258991,72.16361168171822,545.8963281564343,0.4126871093279679,10.232311382764461,0
205,63.894419357724566,71.70977242718186,387.15432772289984,0.6694155848236936,10.437983042073764,0
206,54.925666604643425,65.85264906624383,533.9327073690757,0.3663448236092801,9.496992567702213,0
207,56.2739972146816,82.44931331773675,400.68645540387485,0.11265091376292836,10.274507528355612,1
208,52.78365387191777,74.18635606144325,444.61267735786845,0.4603741607861238,10.973406309138918,1
209,59.57386444157017,77.4149033804636,567.8481026875496,0.45733391278738367,10.271950949259846,0
210,45.313366303297286,90.42450176043596,449.4427135134328,0.14629645643860087,9.711354384509576,1
211,41.56701760293336,62.96448035114609,437.64114121592536,0.9102905183536932,10.011151258575875,0
212,57.26172860745933,67.30756262321978,448.4203956190637,0.8805065991459758,9.56992181086389,1
213,38.44134819424415,72.70272627105678,501.5554713277919,0.4957978776002744,9.93392379545155,0
214,42.616579114166846,71.99311565061339,534.2926040266492,0.9207846004680246,10.116452702290733,0
215,51.678946413383585,62.29060873198367,565.051276889498,0.3143069015367778,10.110799488184014,0
216,47.21603663097619,97.37702182206283,465.0603359410316,0.1275995691608727,10.378052949248982,1
217,35.22001433613436,78.23910528596818,560.4474582656138,0.4901084465961817,10.108734235740231,0
218,42.67245027989389,64.19755071126745,361.53542459906004,0.5493686577718687,10.791062090052923,1
219,48.64002006220671,59.57160312361838,574.5970892648972,0.48603128516864313,9.42450276794395,0
220,40.54608786843827,78.04622059509465,492.39542165812253,0.9122118343870247,10.32237205575533,0
221,37.122328802325335,70.55368821043645,456.97909560945425,0.4121457836139458,9.444490888600118,0
222,41.68279635917365,72.45856714425308,345.1582965166256,0.43616387692741,9.105676709476045,1
223,34.0928027371159,83.65129780768824,455.43025366009635,0.40356473142723925,9.642256802807664,0
224,56.692299852810585,78.07688523906037,462.9267052815944,0.2699300847941815,9.739148429021991,1
225,41.84094509869504,87.48364902220638,535.7449971633782,0.6079874591077475,9.389249385929501,1
226,60.31828418313682,61.09184086476964,670.2166691453314,0.7130344483697927,9.75389019751192,0
227,38.234424737628274,90.60917298911252,457.903432547849,0.49833621102320846,9.599942736028938,1
228,44.18491135381054,87.27896067452657,519.3996889846187,0.3498011247566811,8.496820742156041,1
229,34.68747804121555,87.48187480529319,583.006925196072,0.2568795863211759,10.48779694297941,0
230,66.5611939871392,91.48059916872107,569.8418177296531,0.11991363429005575,9.793912897038282,1
231,60.700666578745164,48.62900340664498,348.7637418443844,0.4022219723289491,9.951387551586006,1
232,63.161678108231094,74.18807990115434,430.6231911070742,0.48671738885717275,9.640599041742371,1
233,62.89282936165537,79.59607906214123,387.3945730431982,0.9372970332305752,10.506371908838693,1
234,45.29210737039183,44.11363893944262,486.2997273294209,0.5991276052302273,10.240815766337343,0
235,42.29161635097489,66.2912694880821,628.7924378560708,0.6687517142202728,10.153931913947995,0
236,55.35660248063706,74.60999776291682,330.5034826303415,0.5783840455710755,10.282581509140913,1
237,30.301389418453063,65.38263673776878,323.7461513141478,0.6227037265413669,10.55919442008301,0
238,50.47922680516748,78.46845905823119,564.4912426360831,0.10765882950042246,10.403542263487486,1
239,61.34254563021717,83.09175628817796,423.90908304068216,0.27410491219274674,10.271445372903209,1
240,53.91724442774031,73.01509588863189,479.8873044434392,0.6719320565209184,9.556340803638987,1
241,41.248188044494576,66.93538538314026,471.0416077509192,0.2725912287803781,10.056248696859859,0
242,42.66630193866942,70.9251750164308,504.2131144640768,0.37175531339942336,10.534100809991102,0
243,53.64875949679113,81.50244912995848,710.0446167730313,0.8516138715080386,10.503639982626831,0
244,51.530432628073285,83.2883394784335,466.37919192098104,0.23677852177258732,9.662228401559952,1
245,31.42151084736365,41.38793255445191,502.7853696299967,0.6073020158261424,10.208075906382359,0
246,56.91798275987916,54.39659712459914,587.5283672471348,0.9910356967793945,10.933695174851206,0
247,40.5252622299453,95.49598960551826,547.2908785806889,0.8782146273397475,9.512901590172932,1
248,62.96330396796728,90.43733101224292,489.6607073041014,0.5225600466394634,9.761276396557301,1
249,29.468243975898503,76.79224324450935,490.06932793518206,0.20289875034605676,11.016694698877277,0
250,58.16668954904137,75.03083307441386,506.8912698129239,0.5728310999273062,10.247471437095214,1
251,45.353655133589946,66.80119362673105,465.3010021538577,0.195051620275843,9.827670820257548,1
252,56.654811839319194,100.8068558232737,442.86019680205715,0.7511102227975974,9.50003493980013,1
253,63.42890671150965,78.60719387099267,438.1075017592854,0.46882808227254125,9.152911445162875,1
254,50.12449672309211,69.7691666311891,643.5770483728891,0.7838733201007196,9.715620043453706,0
255,50.11311972362655,75.52820990860589,523.9861620747035,0.739985400729859,11.404887700331823,1
256,43.55822217342469,90.13246725160337,577.2515008802875,0.1325653974239038,9.855351811018805,1
257,63.26296424543463,66.97845328274504,471.1128702574719,0.10137294785540037,9.779796956827376,1
258,42.79439870495054,70.45166935901781,543.9761303526202,0.29180439582307915,10.601326441531082,0
259,63.164481154861505,73.30605652886938,427.68168898142915,0.645352925454081,10.298399024647704,1
260,55.665744029066836,55.0158553699584,545.4549773582652,0.5229879895325855,10.275452271730064,0
261,51.38294991759463,73.6469189833858,653.4740100512687,0.8372867426253925,10.398672110614143,1
262,35.48070592527984,92.63078217140773,586.4025737545772,0.20228268184656634,10.661038910246399,0
263,50.15780046095776,82.16745289753624,451.5236325961704,0.6863273956638337,9.741313769977188,1
264,46.88820303960242,69.02929067716377,563.6882070241695,0.44472746587332335,10.64467986898474,0
265,62.11105075750328,74.57375037781634,552.0521750136529,0.6970418190194562,9.521003329540722,0
266,43.47021197238032,58.22164196161232,514.9299336426914,0.8721703778849252,9.797187289339337,0
267,52.67724143185226,79.79934964381101,567.3407449664542,0.7867419940207853,10.461510066729996,0
268,54.82206459471612,75.83587756286987,462.10746488915674,0.10887420321648122,9.98604085656807,1
269,61.06775046368108,51.83244856207773,471.6534581974473,0.13002101185414142,9.621429153053025,1
270,61.37599701747331,50.061084863280875,351.959359050549,0.5976357886852052,9.594561742742036,0
271,56.15232920720939,69.15924747568363,372.17071140055486,0.44188134081398334,9.177760281445334,1
272,31.877544912265307,87.34393481750769,378.1146780964382,0.20226443341971861,10.321713528168695,1
273,50.32744475004033,92.55433826321953,422.7302043175119,0.8207166055614409,10.40031880874139,1
274,54.36097838281812,83.08782443497685,467.50631767472964,0.20800392304261694,9.406027055205644,0
275,56.43675732987696,76.682021064045,515.5468469429001,0.4251919752830331,10.014945321613286,0
276,57.59890700710533,54.048855550604046,661.4682424668522,0.8113366901303668,10.649712298659239,0
277,50.55224821457099,81.8793309290024,445.0118093763232,0.7779414227277937,9.897703050494787,1
278,39.55147482608957,72.49500495844575,475.93479729559243,0.3526065315966307,8.774256272318937,0
279,59.74678329442238,60.761294076704274,543.7593734469465,0.5491360053263983,10.489769664029525,0
280,48.64626908888212,72.60721867036588,442.80289161108203,0.1391566984523439,10.189478869197483,1
281,43.88110163967784,36.899056110516796,486.93130333745,0.5824958524317393,10.401989894301366,0
282,46.70351454094249,67.87913101635641,479.15369253956186,0.42791526974339245,10.713186508158707,0
283,50.137497671268996,76.87045882034143,573.9621132051009,0.24978690354771582,9.231142871410073,0
284,60.103168287404316,48.27503716691852,493.29786944175277,0.7589084574303229,10.266079534418722,0
285,46.92618473803023,82.80535265967113,571.8871161475502,0.6046642037006904,10.662023109446984,1
286,49.3306542966934,88.31373978250735,413.2004237403314,0.34636167511317995,10.324598412484976,1
287,57.861528336862264,73.23890206811977,451.9253210757679,0.39446028033030056,9.978009641735921,0
288,55.753398555571756,57.772051999389646,479.49808422389674,0.8109489319307751,9.420742297751673,0
289,37.70753507242766,73.29693661112871,455.5944182619088,0.9320757293145137,9.953396086165437,1
290,64.50579410670733,82.30473600980923,555.0067379282652,0.4327788127836646,9.474210941108737,0
291,56.568456581688,69.31668683019429,538.931826485965,0.14743525215817427,10.035010054010607,1
292,64.33968167010799,93.84852082447657,310.8601661522146,0.20129252750836152,10.311911858841878,1
293,45.43413161440423,96.81869445551472,494.8773168724423,0.9753005123004239,10.344777213670891,1
294,52.46184244641551,86.74956729427063,515.3376265264142,0.7750162448486322,10.382574023042864,1
295,46.029786880811585,88.67055440372552,517.0087812339533,0.8513461078483924,9.501715202184318,0
296,50.26156921291873,88.22987942394006,572.0409057484467,0.31733159650351483,9.398826271368216,1
297,44.60862196119808,73.90125076434033,393.2660041814743,0.8263065010706827,9.433084037472973,0
298,42.75022189491317,54.41586116636446,444.0821939704078,0.7856418281387453,10.173604839261875,0
299,51.52250273781898,63.87621784639124,554.0427400741426,0.9025450621243692,10.435075199262275,0
300,67.0238066319436,82.3470186077374,334.34468872092737,0.4698194276429176,10.665747571237521,1
301,46.50706845808296,74.14085676795374,445.65913441397964,0.8963977485143463,10.169823564693111,1
302,59.65649231858588,113.72108557254221,520.8751643725552,0.45906329167691073,9.89948887374082,1
303,56.306404749336,98.32338773937174,306.91822429380693,0.571781178869667,9.192534684386567,1
304,50.54592022784397,81.66333208032385,629.6863075940993,0.9896097470201908,10.142863663852598,0
305,47.939023494083,73.93558531919835,533.3691610138729,0.8846966571834306,9.487598311063401,0
306,60.345192343989574,76.29690977548312,477.2474493362057,0.4911262557258572,9.920248307983563,1
307,55.297649081223256,86.9287708032985,411.1165845252426,0.6330554774035603,8.59732801833183,1
308,65.02814077684906,97.02108720263786,574.5094761949891,0.9440739449592521,10.260810639997281,1
309,39.289278780096694,107.62557296538326,534.4586883900462,0.7990130505557774,11.061809001784011,1
310,50.359384340381716,65.47535311296545,632.5873096002437,0.39466999349741394,9.937073231597262,0
311,40.569252049501145,95.09422111099836,483.6068006943465,0.3923649144633016,10.483629448091762,1
312,41.94634892352848,68.04891059497508,328.0040194369932,0.9005920837778824,10.678246438263805,1
313,43.20734957564537,74.57789778221688,549.802834200148,0.8697881225037619,9.632016399146336,0
314,41.45339375255901,79.63795664792812,545.6476992729625,0.8805447900719543,9.85763438600808,0
315,36.08588660340917,93.08848757195753,546.2894124581956,0.4370037958224178,10.02874326040377,1
316,56.61092511002772,85.08657281168226,625.7442301212811,0.962014793217845,9.270025180551233,0
317,38.2107983391416,64.30021085328389,612.6733844017341,0.5654843669052764,9.732095587071662,0
318,66.26462460509563,65.2501101991381,561.2942266958854,0.3098782215179541,9.923597561105863,0
319,43.10685336432228,87.40183150838195,652.7504287748437,0.3847718979230367,9.397735204124425,0
320,37.94506213664478,82.80426186934132,400.73059369497855,0.5641821875047804,10.53263776158362,1
321,62.751258609685124,78.89694177673648,357.69395625048145,0.755600425699182,9.69509609348237,1
322,56.18235305099045,65.05600732488529,436.06600041744,0.5038598387057597,10.188460717450782,1
323,38.60764317206689,52.56853343053921,501.0997025347361,0.732266433897245,9.944783401098714,0
324,40.813781274524835,60.030591292638505,401.94706351335054,0.8876490186610304,10.376731551300784,0
325,66.8971857792806,59.48561935305044,501.49408984986746,0.21186603218304678,9.798292610582372,0
326,38.7117988653219,70.35474931275306,483.54139743709675,0.4912392972600145,8.670404857624868,0
327,46.859800211243986,89.4929147669422,403.84037951499096,0.4010246926104113,10.093401081226062,1
328,47.35539696220208,64.44146742282426,554.2101267062451,0.8838079628983473,10.032938778317046,0
329,62.315864935935494,116.62542264601805,448.8724971143601,0.8359056341246198,9.899623665087129,1
330,61.99220766539595,71.05180009567643,596.6516422751898,0.9636778338721823,9.820982270524619,0
331,51.8141602877435,73.54542120698058,567.311733102337,0.4299780890231937,9.087358052565223,0
332,40.30534762108684,70.44067044369439,517.4672499830932,0.36947308406884627,9.080723232853686,0
333,49.5994975157635,66.30155247432614,420.7088925122839,0.883379960474783,9.375652903185962,0
334,57.32305497384448,77.43440052624513,419.7171200894106,0.26778497134501433,10.093532297260147,1
335,43.511137205085234,78.11653147694292,464.6150285857998,0.3151571150820001,9.875689528219992,1
336,63.398623389766655,80.42247844116663,434.05533684779994,0.8950740293239746,10.215613200225695,1
337,49.601341171032324,63.87385301506424,540.4854443616163,0.40295986721040233,10.221509394317767,1
338,60.12778654979003,48.831534277868386,551.1001251685257,0.8423763293489885,9.920146057858013,0
339,54.61503583616451,75.76734761799017,535.7587880768447,0.9367495809098123,10.382627106534164,1
340,51.965955182933286,60.041612410421926,482.5053253855786,0.9758177090035856,10.095161329864881,0
341,51.83563054836622,58.44166170625353,503.15917746993347,0.47625936608424546,8.998555327596854,1
342,47.335578933623964,55.569731928198365,563.8785280056252,0.865589870294271,9.773928854722307,0
343,50.83670751349288,69.70188237658995,625.6700998684272,0.5353210912573767,9.995524034638732,0
344,70.17125444351664,72.11616108163497,510.65997973112314,0.6054371000151003,10.30125594204445,0
345,64.1154122088407,81.32353902839336,482.4486038315394,0.4910474774691712,9.609439331500175,1
346,47.42050008610665,101.37949559447482,579.8744953057286,0.7310129758720586,9.799876451560381,1
347,43.649381791837726,55.247173937089684,500.8695758800592,0.17862324423489861,10.349437543664157,1
348,36.69619613862126,87.54725402375252,563.4083205557453,0.4297261493519563,9.52424580209135,0
349,61.21076132808078,77.38006139510532,437.1667842959455,0.9698501497410683,8.86550503545843,1
350,28.017135428809787,80.02349944895661,413.9281009803408,0.8698288857316994,9.979060694107595,1
351,53.83064222735764,79.80719458278384,508.8749366073604,0.645253044196544,9.793342035502157,0
352,44.872657308820976,59.82529020501107,568.203540111501,0.4356375233072092,9.842532003356887,0
353,50.04676334307011,78.21099772763478,593.3568076875392,0.13215144645719173,9.455314540036843,0
354,48.37857156267394,77.33783980460487,529.4646745432755,0.7797790013474735,10.663583700174138,0
355,62.017191434166676,74.17772454145246,523.3988552121906,0.8276764341158623,9.667060808327346,1
356,51.76820199407043,111.00350859135256,615.3791007254497,0.7515247147334558,9.919711929489221,1
357,58.33296969526925,81.85408873522321,493.9360903782673,0.37811026034646233,10.262801353961974,1
358,59.162022562373004,79.87965208131533,428.48598314396213,0.2145909490367402,10.955946597067047,1
359,45.59941908773979,97.08635105058784,607.151531936348,0.714016649621065,9.706892517882707,1
360,64.77349895456035,64.36633233703087,591.5109228661524,0.9175804113272867,10.266881980782598,0
361,47.1407148235294,91.18686812674216,703.214667511875,0.41706638281896957,9.821217503239257,0
362,57.997759212323416,96.7633598549082,589.8341448565385,0.322412870620937,9.86003273964612,1
363,61.37676816850754,75.89997926583968,467.6374258065036,0.9210542309868198,10.666907430975138,1
364,56.971852145029104,71.05763225925764,442.0127014027013,0.9089196907318898,9.82754917941497,1
365,53.99827467956798,68.6384390445344,431.87092192025466,0.9761146935795914,9.825430697249416,1
366,54.72904993634892,71.2660505659276,401.41177649657055,0.6758637863191959,9.967786122465812,1
367,57.69930891428659,80.27523905690575,487.17878045582046,0.8215106239017047,10.270761818477887,1
368,46.73121712794328,72.52980414042896,509.50854302338195,0.869453650844063,10.608705982404269,0
369,51.76768078148179,82.09780659112182,424.5289284883065,0.20193849169106243,9.61476541347163,1
370,64.31671154490883,70.35031274597317,451.79610785453235,0.8495001485227665,9.840005785856924,1
371,41.713143368674224,85.89652183551695,359.5421403194077,0.9683262722931516,10.522891167894734,1
372,43.81939127693174,72.921053772873,613.8906665957796,0.37249665929629494,10.428307304706781,0
373,61.26809079855997,53.7444558960415,539.3326380865652,0.4864772007845021,9.578098382658686,0
374,41.73327798564779,63.29317804187818,511.96761300748295,0.8760555751706481,10.19521117026107,0
375,64.9775062175982,92.94394617526069,488.92160795717353,0.5205254005886613,10.732679398026054,1
376,51.1756915721668,79.80040738744393,493.7685474863592,0.7634059658530348,10.475650011500884,0
377,52.25187463062649,63.51808842965324,500.06053882520257,0.24178444431717017,10.418022555211351,0
378,50.46521918012076,55.24527029137241,544.6049470904358,0.11134588265770722,10.768449888173112,0
379,62.107120416496,70.26857700282035,523.9915315963082,0.5420446008082983,9.848952236937512,1
380,39.32512462724445,72.14784161991668,437.9724141008984,0.39926079769768685,10.251473283349242,1
381,41.69434978514845,83.13027803692849,541.2977628912232,0.23009205718862238,10.314903765970165,1
382,51.80002717223041,40.69839311343261,462.6297529909967,0.3644400201985346,10.779497492027149,0
383,55.91561024068122,86.92364341610048,442.53082652113306,0.5938715792724625,9.535141604165482,1
384,45.086060908432636,80.97320439823508,468.2521184765448,0.8332974712868136,10.072020924330113,1
385,54.536348971550794,74.16121138489603,485.9156971158114,0.23301306356630033,10.097914389759088,1
386,57.41218590069924,70.51652159964642,441.4301082024029,0.31035496714329275,9.607768104419714,1
387,60.98579338471127,74.64894738452007,589.1597697235676,0.8762880203096284,10.043063540399523,0
388,38.64394030169248,71.3724650460087,559.4639064569855,0.9067156423884485,9.982864463076627,0
389,40.8840753003607,75.1301468681168,522.5953313308246,0.45019456397529256,10.118302434057547,0
390,46.440642815588085,88.56379015325697,485.4389043049289,0.9104688084388254,9.986957889520912,1
391,57.06805449048836,91.14747601337271,453.46634243009436,0.16513201241013875,10.706646783422087,1
392,49.55226267816173,90.63001419699674,556.4282143563521,0.6909362907784089,10.260578470762805,1
393,58.65166240530557,90.07518935403466,609.3604015302526,0.8307783763445575,9.676748400531785,0
394,61.36904721269213,84.79839604713828,472.1029182859798,0.7790423691518934,9.560524772166124,1
395,35.237467528721425,50.36507913963206,549.4625347226679,0.2243431829108607,10.617693345575303,0
396,51.803640629778315,61.5855322284048,516.1197607126552,0.13711253060286208,9.967053500479096,0
397,47.474816765903434,85.37830340870259,483.7580134431189,0.7211865842440122,10.007596196399723,1
398,26.42080465902008,49.88867888376421,477.5237450052001,0.2894877789653649,9.31937300424015,0
399,54.66255653698589,93.6559916074213,565.0290113828199,0.9775189175736925,9.675401469681042,1
400,64.20378889877712,54.319322306409006,468.17255017914897,0.22503534136588266,9.232186491166452,0
401,47.575764420048436,58.621313744356584,449.6912463159819,0.9714446276076433,10.108582047967179,0
402,43.86489438722532,53.77298241718365,580.7818854671328,0.34051886953085786,9.723893237674819,0
403,60.88771683822001,50.799120466994886,623.3894372355949,0.35636263106534727,10.141408364418432,0
404,51.20908642467536,62.255434483185695,500.6990485444568,0.781943861334147,9.098161485990016,0
405,53.978652368600315,64.89076864721044,571.2004137541428,0.37072702015746917,10.518338320871004,0
406,52.847096306565774,69.560059801942,572.5767602418755,0.29661675043376096,10.823955480708479,0
407,66.29103294258533,60.33483773233048,366.1196001956554,0.9295654120827049,9.791522667872695,1
408,35.24048177383888,96.64930106168522,432.26092609342425,0.21697010567853284,9.99488915935318,1
409,64.57378944852609,52.691996563082974,473.2777866803312,0.7822531848513995,10.038397027687504,0
410,52.860243656855395,76.3488480576989,525.4711692707377,0.8357171164142483,9.05513126589692,0
411,67.1547101580803,81.0701806646986,354.7761574612085,0.3783590817791296,9.965081496318861,1
412,52.28723457370995,73.14314041703766,538.1270595959458,0.5580000857244662,8.937128274376203,0
413,57.242588793940456,81.3485082840113,474.87216173661227,0.46967553453864297,9.405648525193765,1
414,57.96514640304142,82.74160211847781,507.6087744640149,0.8517131701998617,9.570811747927271,1
415,48.75417192406601,93.91902087426399,514.813121604803,0.7264498846694069,8.833136516413084,1
416,52.669357028736385,71.30612266536464,543.2164605113041,0.19834039506307782,10.356494217001744,0
417,56.938572705426424,88.59586895076816,557.9335191556306,0.5939037982854395,11.073967593386453,1
418,55.131064408924786,54.891142046171915,493.60098391080874,0.66528784853411,9.419113334542692,0
419,50.484117872398585,96.80954269682157,512.2520135243419,0.24675597797702786,10.016293587254891,1
420,29.803404149101947,92.86515232508803,488.44166353221334,0.5654985030070995,10.448264025980933,0
421,49.41251199776686,51.56961231099208,441.5961150665364,0.4473320653357884,10.360227470926667,0
422,52.49162781022295,75.22199511990836,497.5099763105139,0.1666987097893151,10.10907377538433,1
423,42.38568800408831,89.9560213177436,468.06659419547833,0.22680347295094988,10.55811279454704,1
424,32.59756649917277,61.047638091543064,413.93810589896253,0.9515835664411468,9.624931615588325,0
425,55.44499421942985,44.95071742684279,587.3561221100102,0.6578767587638095,9.343875878889715,0
426,50.12523494127912,61.85359437196235,548.2600015175136,0.521984482797909,9.718849160335076,0
427,52.54662690032182,93.3071872268647,509.2383765054566,0.6656381886430315,10.111150489936515,0
428,56.77884845120092,75.77625849514934,478.4843562224416,0.4685202397719447,10.29388465719696,0
429,47.90460859378704,74.2724016202858,364.7200294513873,0.3183767069084613,10.0287983097583,1
430,47.09248564635685,55.72172437048359,532.9979929893062,0.3216260107227148,10.526342320081715,0
431,50.830078689394725,49.29072925902391,539.5540902465995,0.9060972360577596,10.319584101737345,0
432,45.762089533102234,92.31497065706469,500.2775166386252,0.4030727942418918,9.76813263722785,1
433,47.94522119845331,85.91987192494116,473.7084416595269,0.8370691955781134,9.366099185668345,1
434,47.14116206204792,55.46206446506723,564.0977191263971,0.29174842251866157,10.622006111764254,0
435,51.08254561742351,91.19818132382895,612.9529411066824,0.6616949527203769,9.61029203103474,0
436,67.2643464538812,81.51047351137856,536.1666361453688,0.7245524004312388,9.414216221230303,1
437,32.59026223625694,75.97306024145371,610.4231351127121,0.3432719416670844,10.01745004850333,0
438,45.85425037498578,60.365619086917434,358.73506446714066,0.32525063281712435,9.878792018748824,1
439,67.36052649575484,71.06569197630687,392.43818885353426,0.9184110474351491,9.935286943679927,1
440,57.008048402519044,85.11855919701635,475.85266633495814,0.13359883689103277,10.414282801056137,1
441,57.04814342044592,93.48150316654888,549.0249368717641,0.5687941592286021,8.809737546655885,1
442,37.42613576567966,76.69819504712169,536.5479535139177,0.3108892296276281,10.368406906392234,0
443,46.63134870962966,92.03547374915472,423.6321494846903,0.7323524696739969,9.80644310794413,1
444,55.503236235297216,57.64301745338324,412.21495580754595,0.13581010882204586,10.158093556592428,1
445,44.60961996891919,72.73955988776373,442.99816376519465,0.9343589859716988,10.229047003130185,0
446,36.399388901449456,88.26493045642204,576.5345111501808,0.8953643190494228,10.614782235514985,0
447,60.25619710943944,64.1770286560978,549.4177400036277,0.5621951666164536,9.952898814672483,1
448,68.29017934968044,80.76189791870118,570.2653857561004,0.7303091851671503,9.695919597774813,1
449,53.29728066045946,66.1463360661436,408.5107044509439,0.8254545205527494,10.564461720657846,0
450,56.50696922289388,59.81537626827635,504.327098334946,0.6378587791913516,10.183206401380625,0
451,81.40572519428262,96.9043588697481,458.4288675700007,0.38724745395660876,9.374795027590517,1
452,58.519920710840935,84.0862005023669,460.29885820649474,0.3117705176757896,10.363594551666534,1
453,43.06633113196413,61.37407287011019,442.19180278207045,0.2368171981870784,9.782061470636139,0
454,58.49120538828558,68.89128001350669,510.08398297382064,0.8948469602345199,10.653273463717998,0
455,54.493626254670644,73.31316719362512,461.51451739019757,0.9041102269227818,9.62489054668722,0
456,51.5693676084896,74.18077847309385,375.6042346982066,0.7057282023074095,9.68840914778579,1
457,52.794933137171576,89.74892308889147,420.1333134836339,0.2005451150800886,10.941001587168342,1
458,51.02124932836793,66.72030766004815,547.0713254251605,0.3936727252558302,9.565139427422483,0
459,34.37920705522395,47.936845878951615,448.39253276432567,0.47087860515190927,9.837880067087875,0
460,60.507639455464044,74.31762418528409,472.6958707479763,0.5074873179185774,9.990587633058471,1
461,51.3636776972327,94.04094130305754,546.9981701882097,0.7284160648498774,9.95217984433365,0
462,47.560699683915765,52.86376097082227,470.5662581503347,0.4694645504381263,10.653163497705677,0
463,61.42394660054742,65.22001110014823,519.2343681925158,0.45684899548397384,9.403172766277716,0
464,38.87868182988278,91.79690698245189,343.4730593978293,0.2281593467763606,9.65117947663432,1
465,46.434358651250335,72.09211334823101,571.2014091071179,0.6580496068129571,10.542586522780821,0
466,64.3163642822237,73.032333695119,422.6709666866639,0.10666424463443361,10.406416017065588,1
467,50.95520657458707,99.14127280567992,467.95938648342,0.1516103034217872,9.648930395482227,1
468,52.204125373816574,49.72673944433097,422.8342328517418,0.40729324771324893,9.208844901255512,0
469,61.28657295214303,67.35018014730505,495.160020788757,0.6537280342858638,9.903772337374983,0
470,53.82453712563405,91.43381225935806,512.0313466198843,0.7231359701860323,9.75185720887742,1
471,45.48936713338205,75.85264145703694,479.5233913744388,0.6061980122303517,9.564894207169859,1
472,65.3010242077047,69.99660939599418,458.33806884703756,0.3131606738185688,10.560247677315934,1
473,43.91951561199781,69.88340672403072,443.16494520716583,0.7776796452897596,10.260250221546272,0
474,41.668370082662996,82.67972247574514,409.6131550245275,0.8257581570109254,9.585232618728469,1
475,56.227764598970474,105.51542623187996,538.7680092072457,0.5760519879280389,9.750606949732925,1
476,50.27041596386406,81.05737358629256,490.4926061885323,0.9134965158563735,9.53341527423073,0
477,41.95939935768477,98.82341220783701,567.6620957650691,0.9088789857670857,10.269806177615484,0
478,38.87084891307021,88.25181762983499,489.4839158247405,0.6590157210928055,9.450469599388228,1
479,43.53355623439286,59.52874906296996,498.7839242916274,0.8245343890853013,10.117581150740534,0
480,49.203637011054674,57.37508462209846,367.0530916294837,0.8798475950416204,10.11549180413463,1
481,55.79882230892861,84.1364438639174,510.61715584967544,0.9390073581891041,9.894445834360443,1
482,52.079319046116645,101.28159112124837,485.3047793479894,0.7168640888086696,10.363216400037953,1
483,51.551868544034846,77.3001991940442,611.5790369929875,0.5439006064784726,10.502861386203817,0
484,63.20146439410634,84.38612552536635,419.1678366744999,0.3434405915713477,10.025300414178014,1
485,51.85703664811376,77.22503921457411,435.3646840061744,0.5971547293978986,10.403977023022726,1
486,55.12924236228807,103.4011766147901,368.0320702118089,0.26847844287783706,10.919800905027223,1
487,42.7266673475071,70.9734903245709,578.1150314377618,0.7973072129002006,9.395890990966453,0
488,41.04493661273658,95.6853757504738,450.5440573493305,0.9786070389617666,10.396368419452335,1
489,53.134779480708275,30.68160464406769,358.8733544423497,0.11062958105704257,10.539768571345977,0
490,48.380390763846215,71.63299784155683,507.7063101916406,0.6788497721011525,9.734858432879777,1
491,63.650332392790816,57.029227927247334,546.3108025358652,0.9828364729698021,10.41856038624305,0
492,43.37463891659435,73.33149150946792,575.2335468428455,0.6417133331665881,9.02084845813384,0
493,51.56952960720998,77.13631330497523,556.9341936105941,0.7593862582123238,9.57759343064583,1
494,51.88826527197504,70.14704608226639,506.2542206644678,0.9442218527780012,11.034590389801728,0
495,39.62765751306193,96.75714000401649,506.2752963023777,0.31396112941020027,9.74530535606985,0
496,35.377862591336225,59.828015266423066,461.9289782317492,0.6449929007896789,9.983283030055828,0
497,52.10291728443228,104.09815536898552,553.0608083771748,0.7685188667641057,9.066249354959835,1
498,57.46651429889602,85.41112917948541,413.2502843963833,0.42890228007428066,9.826264919276499,1
499,61.385851969853256,87.09624025405004,457.17313152217156,0.6469326193829429,10.11402474457606,1
500,41.589636556824516,84.67414282044452,504.29870636646825,0.6639100944430386,10.573500146535494,1
501,54.32899342596875,73.69549334305944,433.5068020669689,0.3652623969786779,11.602121703893383,1
502,63.75576961366389,75.50977707751031,509.06152631060536,0.7779968567231765,9.946155717140291,1
503,66.03425924032864,52.402476300598615,504.6123958234343,0.40427542851404263,10.674545863340644,0
504,63.14483260749085,80.36898141785564,628.49670829185,0.9438485956924226,9.489241135407159,0
505,38.12191287490112,94.76925434989442,402.5472104877225,0.6957924510737898,9.896947477872954,1
506,51.10740690221396,93.50962238643548,661.8302791133118,0.35946103582410127,10.567677724749503,1
507,52.67421584161871,64.95374538142568,590.006536595202,0.3085342521460654,10.452825289764554,0
508,30.581943081349518,115.13829808538704,601.8599037899448,0.30976619459635324,10.592517359562285,1
509,59.05331857712141,93.86201656641894,534.5386959832329,0.9005703525668062,9.777571799982377,1
510,61.606230625157934,64.40372123175419,410.02960014201335,0.8070465108795593,9.382183063837225,1
511,36.37272538736887,90.55888167119207,489.21941518749935,0.12573932649803926,10.552875796268964,1
512,51.87612232915274,78.78199455244447,454.76842332586176,0.5929355815220266,9.721387976488732,1
513,41.88025243512125,72.21643227322554,516.6907371177718,0.8292181200822962,9.682770567492076,0
514,56.04621272076568,82.1560648500124,446.0956498612028,0.8011828645235035,8.896195317721553,0
515,53.416032975944844,69.54839657338249,506.9060850174536,0.662925061065915,9.815882653428007,1
516,34.965857687891116,81.34797860022292,459.35452022741407,0.25492185593218136,10.910508405201764,0
517,40.261283987591234,84.5201510747728,454.27365774890563,0.24581547303066348,9.95031544190045,0
518,74.88328029257991,71.03478768432116,554.2371814028453,0.746928918384655,9.812222595704142,0
519,65.03005418944716,91.676867282667,445.8180385696859,0.12884069661380243,11.114948028313416,1
520,55.70580065625513,94.6303485942002,597.9058081624692,0.30619777187598146,10.387867184346007,1
521,58.25117611846512,72.33239182224767,570.3771497634076,0.6386963820096739,9.348117857081142,0
522,45.13179381407434,85.94118107674373,461.21037298544127,0.6985444057193674,10.647006073448633,1
523,43.83734462091321,84.94435836612166,486.7326415211402,0.7275352109426232,10.011031262362131,1
524,42.8700492266308,85.95364307153412,370.2605645694773,0.7952363110593912,10.563314469510331,1
525,45.84129062453575,74.02019437866505,495.4231671336151,0.24630874730337146,9.208308954054594,1
526,55.072842007644525,82.168386161412,417.50732647433324,0.3095511152226993,9.616685753116453,1
527,45.47500516310055,72.33497542970149,639.0158436692343,0.8636709778006625,9.348832642311129,0
528,49.1709888853372,66.61649883099288,575.8752031297644,0.23550777524337396,9.309814589992026,0
529,33.65269267992454,92.03110052820001,513.0903800237414,0.5131769174879517,9.61560504756943,1
530,48.28909823468291,63.37597352086348,516.94815031901,0.18099357801268964,11.141935601157265,0
531,57.63442477132024,67.84578953009506,405.0137963731079,0.9780941425353408,9.94039464056749,1
532,52.46930886798748,88.62582597724288,599.7436053781665,0.7685292569918818,10.78867046039674,0
533,46.29242400617983,90.71341349087157,476.82182461439874,0.32462221740302644,9.869859600630251,1
534,61.874788062315304,76.98369949924795,414.1127381099719,0.7850544241389337,10.160708952049562,1
535,34.97258612441961,83.61793937638929,425.0425772702813,0.8384612878700425,10.291558508973468,0
536,38.137138360334305,71.61622134993812,478.3069009105085,0.9257334169300884,10.726106887370669,0
537,28.107992016943783,102.49656442553368,461.84825804622875,0.10876415758910533,9.213267837923853,1
538,50.03650638672156,73.94389390008386,379.1483899069116,0.7261940419658687,10.186442404258235,1
539,68.49166461778526,74.12502378994789,501.46822165453375,0.10106045286593131,9.751550671661395,1
540,45.5284777516686,77.945829857148,477.34708790209413,0.9938886939512682,9.462100090662407,1
541,58.98618247734941,55.47003711877056,330.44644949299294,0.6978224453616134,9.86954748988277,1
542,54.24493573041779,78.55096000167784,437.64600751178017,0.656903102246475,9.425640619644927,1
543,74.22422340998885,59.6279897731673,478.7078769651424,0.9426413878225244,9.887109382281956,0
544,50.87214122302948,53.29409507557797,531.728556286134,0.9245701984474733,9.556764952027134,0
545,75.44326970563479,84.34544419233025,453.87107410448345,0.8587706088832706,9.285445437003975,1
546,67.12249240146397,81.42469903159966,386.6056225922774,0.31775909895168447,9.333228049463164,1
547,44.83911994234756,78.1885835385615,607.0512273432835,0.17467420639504944,9.848650338010438,0
548,56.00406358300718,78.65368799327848,617.4562849865272,0.965778712426035,9.440031907958314,0
549,45.0357791748717,82.35028024624067,374.8255375289457,0.8260071182650909,10.556371785878602,1
550,49.22626464075985,39.822128880143424,526.72562983484,0.2763142378862638,10.437165613182781,0
551,54.35761619665609,58.016741731269974,539.9799990537185,0.642742560623125,9.732699549104883,0
552,58.60744262724093,106.93285881370743,509.66073029420016,0.7805737627820004,8.824988760587118,1
553,43.46507952021207,71.03967222703851,427.17503432894557,0.11870135137768327,9.834671003528952,1
554,48.43695978136486,68.21806299049568,295.9203858624256,0.15706507945874054,10.983084529315645,1
555,42.10711724128517,60.9629955449034,348.87008686672596,0.21068487302879346,9.91726634705049,1
556,38.87588141911751,54.39909558956434,435.71553121657047,0.31134194365610135,9.478089667185666,0
557,52.2711169823455,76.53288058077784,394.89470744339997,0.7877366983412789,10.026025826297255,1
558,47.92178433016876,79.84850945615035,488.12256886629535,0.962515765891431,9.479086190576751,0
559,52.29121658167923,62.05686626209884,552.470008617333,0.5586595604206755,9.856809463861083,0
560,53.08685580014789,101.05726722826509,463.1901985755057,0.4279089849008413,10.137183838703967,1
561,63.07245909023869,98.07712561828285,517.4274790514792,0.6788892848231813,10.165800271572587,1
562,59.42477646507884,94.9866850316688,584.5791122789213,0.9545215087883676,9.572523207494172,1
563,43.04589708539401,68.62584298442526,495.7585498900072,0.36435900772305607,10.168841569448572,0
564,66.48544160956533,60.73318555133797,506.1586729132442,0.5716748574708547,9.796831073555717,0
565,33.61614878210054,78.08103585372633,411.0518057278537,0.252016674532572,9.865681534249358,0
566,39.839471295954915,67.78736551769283,470.8728373068289,0.19556731001424305,10.31126326233766,0
567,36.60443281464279,78.76444605888611,555.197091668233,0.7398918155054051,9.897847891937214,0
568,48.25064117622763,49.61055773577324,450.2496310536709,0.8694290534153227,9.493935815929632,0
569,57.794381902798094,66.92033333865439,595.0598350660497,0.8631563728614405,8.77674712650676,0
570,39.558692999075284,66.80686650585062,585.6803685670586,0.29184742014071696,10.933669426292129,0
571,70.14355875270051,81.56880400409548,508.1806629437463,0.206821399324922,9.652523794366457,1
572,36.163215880858175,72.17537449209993,556.0192715261081,0.6190702187738937,10.368700078209862,0
573,49.48337929738605,60.36191121092191,459.83672029370007,0.6814672316984974,9.606145994157593,0
574,56.415885315518366,39.2060861616549,453.6232282821345,0.7738439455130209,10.395826136717513,0
575,40.482061639460866,69.90157346145538,354.042694491475,0.7871995051517259,10.278751778410564,1
576,45.79211972082881,88.35175499609537,592.0330215966804,0.23598245304802357,10.16591641729802,0
577,49.86212551334265,76.77054016950541,551.789690054998,0.24236548353031112,8.814873039279025,0
578,56.2855655898559,57.90787226813727,698.8800374311086,0.2881935349247168,10.656948425927776,0
579,45.456545170566834,73.0463005874183,447.80957723099044,0.5675829511954006,10.546084082164398,0
580,51.01964609920074,55.86155692240005,551.5635283076886,0.8934780624629199,10.558625883392025,0
581,48.51573018837949,78.08514475868242,401.7437310986818,0.3692497375742987,10.2439372395722,1
582,45.91783896082184,71.75849343507399,399.56879835300055,0.12449613139744614,10.004317419940946,1
583,52.12059459504164,68.29582436930922,491.42713576640836,0.22545002864604166,10.091580224846798,0
584,55.26765773465596,61.290334187052046,480.55866978014427,0.5593387610512977,9.209670877910114,1
585,37.86445274052002,89.13550998762626,502.73916685168507,0.856698114461009,10.12138379286673,0
586,59.0385244202259,44.801679927415876,581.5014473890267,0.26118428775348573,10.579402255240257,0
587,33.75541623606029,85.10861284832419,505.02770616835795,0.1754174538460696,9.728513875895715,0
588,37.80227796451204,48.63665277710919,621.4867757947949,0.448862143892489,9.74769013418775,0
589,59.81832221981389,81.07344387793788,544.7593669703181,0.7638422451031354,9.418888730911492,0
590,23.170720100566513,67.41899940086817,545.0729596365447,0.6610252508252081,10.506216038922165,0
591,32.278948252267654,60.424878730555754,431.4503105676937,0.5612939653020332,9.994165420531171,0
592,57.959509664895876,45.845599286954545,569.8491584760034,0.8347544985984877,9.312993169041665,0
593,60.118120478460796,77.07324908783582,524.4832319838456,0.8942771542187059,9.252909280171126,0
594,40.66763250971143,66.7923970769575,600.3647725626431,0.6241020668734463,9.608070641780142,0
595,44.19460696993702,59.832344111782874,463.42179363906996,0.8904832232049817,10.393576498877998,0
596,46.229415452803956,74.69996534889827,564.6593650536613,0.6206631508853748,9.501649799828824,0
597,52.776555809169224,88.32294480119538,420.5638578704734,0.576163105791866,10.109339013921469,1
598,72.04402000199829,56.47122858400325,513.0927898061066,0.4935167122463796,9.372475110583856,0
599,48.548092321316666,98.90371275067608,527.5804705128546,0.3105439172923553,10.545988398376446,1
600,45.49485066949177,64.2896079905729,588.0640321549155,0.7330173719508604,10.0071394232387,0
601,60.952999624769085,82.64314768172184,567.3019750567888,0.7074141396500025,10.38722234739375,0
602,42.49125264743728,94.59830082514985,549.2086578467278,0.9162699461530577,10.425117634237136,0
603,60.429932950252386,66.60638977466573,446.95092024050564,0.32113267568093634,10.020619142254235,1
604,57.744291616328915,79.59257138607573,591.1542720370844,0.7935833984128868,9.154106450677222,0
605,37.93069411695144,83.33663072175123,561.9755928108525,0.9508424168769026,10.366559696755065,0
606,44.747917934151246,74.6723928159979,451.11003244241385,0.6326640201712842,10.023287058200268,0
607,53.80340894004898,74.7394502434202,575.075642889179,0.7179309606119428,9.55829370443218,0
608,45.48136274824165,85.68619356953421,530.1995811265217,0.611752025682254,10.515618949624457,1
609,53.860691476443925,55.812730853655964,546.2764819252462,0.8301143395228424,9.402042707025855,0
610,36.4476728753076,58.19863321022917,369.0054699123605,0.7040629424444262,10.98554142966211,1
611,46.622583828276944,58.26592265957561,439.356211324127,0.5079172166260173,9.54725545001733,0
612,46.53560327956163,49.18101272732204,501.04714357776015,0.9653382532199176,10.071516760887395,0
613,40.40558872820805,91.25868447836976,586.9457914190523,0.5310955447532967,10.491964064539514,1
614,53.17778290349195,58.55467634081797,562.2815442816994,0.3250948386464859,9.706999363107647,0
615,48.167637507394645,94.34782149938539,534.4547423876494,0.24404380358648328,9.67279665938615,1
616,42.08379715835861,86.41294699904498,523.5885108574817,0.9457627505063799,9.336892095500792,0
617,57.83982353671409,95.67993655256652,508.99824396737085,0.39797944580008027,10.382540556561958,1
618,42.20278871940073,60.77856162616727,412.4984327510872,0.6230095381923461,9.512425511937826,0
619,32.0810651359687,94.18403725337255,523.2134842941175,0.6526713458072761,9.90408255145853,1
620,44.21997519115641,76.4426555863619,474.20159356608235,0.1836666703920929,10.170756794172997,1
621,38.00118447355813,84.02178933886215,409.9972475205361,0.13000380995742114,10.40744258083527,1
622,39.39194854786243,80.34422640967536,522.1414703710687,0.4523126928480712,9.632259619089602,0
623,66.19961878290292,63.64843788278237,384.0638789819297,0.7267088534018045,10.49919656780724,1
624,64.04581247147628,89.38765594762702,593.8916010270635,0.4658297020768065,10.21688387721273,1
625,47.1573820514321,72.31102366736404,541.2644186110548,0.6562898498762045,10.567408551430681,0
626,56.38650746944739,97.34647453048699,548.1228790148257,0.8540054932139194,9.549705247383935,1
627,36.84554711280943,85.25587025717579,517.5591307304669,0.3935863386859585,9.866663321956857,0
628,48.64751548831859,71.76039224780806,449.183086247849,0.6042617662157432,9.898499865704308,1
629,56.13786679138565,87.63043650948298,463.7093790281256,0.5002881815660447,9.811948384478445,1
630,43.88712235151557,50.33132395360791,612.6432588970083,0.8170982340673041,9.852018396217773,0
631,52.31382940467592,71.70601841691291,532.8736802129993,0.2061071022664317,10.107043220616983,0
632,55.637315898649945,69.07770075693928,515.4862089790847,0.5838234737596516,8.958420291342396,0
633,50.64754975057044,53.49580363714253,500.6694506479574,0.5538787145706875,9.768724465951145,0
634,30.437377084865336,89.08890180930705,347.43894706215565,0.32012560226645115,9.454301006135665,1
635,69.63719263184313,77.55253300419443,526.7103080401871,0.88062414380827,10.320730546162856,0
636,58.87478097820788,60.96874506184341,542.1789028757938,0.14820835678126543,10.40764102827868,0
637,54.98388266038327,68.04840240709937,407.8623426802859,0.38432490492076266,10.297964280328916,1
638,25.124282274952016,91.42696717736615,509.9997527596742,0.5368418525102512,10.377565006782724,0
639,40.07092551468523,76.21903097137601,493.83991205957716,0.19359761383116209,10.168918423795958,1
640,57.69924685142162,97.40375157045248,614.9981692468248,0.24430156562309696,10.219299247740544,1
641,41.25876355500669,71.38568133172234,485.50509626736397,0.5880065063504202,9.884685991972074,0
642,49.05558456413087,36.846914392184544,536.5574977121981,0.6453970290641426,9.791387191354403,0
643,52.1354607986788,69.8333979936403,529.0695644681222,0.702167787662865,10.112532434045729,0
644,38.74597121363522,75.69939949605254,527.0660161607188,0.7315393155293214,10.182468483530918,0
645,49.71244060153844,65.76756725069754,509.061110158437,0.6584363011745132,10.177285146665882,0
646,49.14523517404123,107.21553095923963,375.5551314860836,0.9097500941398423,9.609704320501967,1
647,55.85724189868242,55.85057061272648,415.74991675118065,0.7589331499886519,10.537343248976407,1
648,40.240573547164644,78.53747961832583,440.9234383911202,0.44871061240222454,9.546184513226397,1
649,30.932242500031045,80.63363863122308,548.0586468995862,0.727379805552743,9.803954812049668,0
650,44.62218270334061,104.11482736364022,388.5571746931217,0.27240474907279905,9.586344614523938,1
651,38.3552511276792,70.46873140943481,640.0273910040278,0.504845382496739,10.852983128684613,0
652,52.996476700424,78.1555805501174,529.2672829003048,0.7979855413576337,9.421958887992215,0
653,38.599774403119184,73.30056497567872,518.4405011252636,0.31335095965157855,10.317361153058368,0
654,39.95688159977604,95.52141973403407,486.8563417738799,0.7380812656594576,9.744334858518563,1
655,54.724942766647686,56.002686455769,534.0402938419437,0.2423942411749927,9.822436446368526,0
656,37.81372737832726,126.42274170543556,587.6785933208124,0.7047216579527598,9.88342416767745,1
657,67.37506739014776,89.7944278765484,599.5507454932722,0.37276502206195683,9.61503691566059,1
658,49.345996772058264,69.77727364759832,485.6784365473692,0.9294373220618002,10.430497012204336,0
659,44.41813878167437,66.71057201582929,507.6089734213778,0.9530090787954226,9.653935263612963,0
660,41.55907701743258,53.2942325614394,601.348675555017,0.5973289999748477,10.282104523680744,0
661,60.98293392690131,102.78850927979474,498.22521525377255,0.5334161802870142,10.138565321106649,1
662,48.095583391901144,101.36475779378452,572.9991005093085,0.5051115925103153,8.958378301057753,1
663,43.95555645122312,62.80679439077046,426.10561447806026,0.5201043377706525,10.891770495754225,0
664,47.02052235825735,104.07608694486842,453.46929632563797,0.2713283042178182,9.947439793086804,1
665,43.475042357070194,65.18616194522679,432.30391756446454,0.12509039099097422,9.632359696906793,1
666,48.89737156369446,57.1747343789428,349.8854351552889,0.3827349355499501,10.416278120267439,0
667,64.83985674349174,89.81477248074145,542.693872562492,0.3924704330395109,9.566414256780238,1
668,48.1581889295563,81.56088497463544,480.8174502642365,0.5704622594470583,10.354670475376487,0
669,62.701291112058364,65.25774998946656,451.6341026383001,0.8243437745624043,10.250652365898015,1
670,54.263033463814416,56.00951931754126,464.30774939596165,0.33251043853959716,9.602412893408758,0
671,42.2954531518813,86.75957770780309,483.91361710116263,0.6009838707008411,10.629365643790328,1
672,41.4022777356203,83.79342444241675,545.5950878294203,0.779417719108994,10.425063807465383,0
673,55.91331637788939,66.95262407274635,582.2465980799292,0.802813616683367,9.956378842199669,0
674,62.02135823042579,63.956314948884014,528.8583824416968,0.9320681349413926,9.979622881657383,0
675,55.930511382375485,89.60016367159703,642.047011153298,0.8654725767613444,9.743316959911883,0
676,57.270624037169284,93.52119964287411,616.4280936454845,0.5182957180310747,9.40703432517578,1
677,33.843905177555115,74.48803476041608,478.0606510568028,0.8435304608190397,11.439680268221325,1
678,27.64597621384518,59.39029754978832,621.9989682502357,0.3846385176328888,9.715068540613643,0
679,23.289628273681508,71.5832920504061,538.8632702784697,0.5475512459108873,9.861865958621273,0
680,42.50856474631038,61.7672798964428,647.3471804971522,0.4768474527226878,9.677740995058064,0
681,33.92541346784966,82.68403865612349,484.4782683325134,0.6762406727974437,9.86787443356836,0
682,52.07680790110277,80.70507991239961,487.83475857773635,0.6728527562399584,9.174224002178299,1
683,48.42897312467276,91.25408972915433,619.1039432586051,0.4971527493088699,9.892505229143305,1
684,40.853909760457924,89.85648188348256,460.982817174457,0.464683867610034,9.82022656295798,1
685,42.07691254408163,70.7981949969371,425.08629740201724,0.7014549581646764,9.9716467652526,0
686,69.69865743030495,100.43182128837455,308.94741434715337,0.6280677881216584,9.954122517407175,1
687,47.227807557797114,99.22625898629582,529.3567706444475,0.13573374445813824,9.5615896614616,1
688,44.2036987184376,75.53955569195831,418.7347884538573,0.40385307984657903,10.666339470315807,1
689,48.23957121668575,80.26562777609087,520.1233634781507,0.5931864628926014,10.113857697583697,0
690,39.31411527549789,66.24440344693701,456.45561397351634,0.5922434803921373,9.91199909037949,0
691,37.212290087739035,82.91804664740589,449.99186523675564,0.2639537828243735,9.095824456229638,0
692,46.92532732123771,81.64190533939521,407.1362212380502,0.23836318157922254,9.898486546792581,1
693,61.97630193286718,56.88408782111,376.4094545298364,0.3191021230096163,10.236063880354836,1
694,48.913835300315526,73.7728876839682,603.5232643394162,0.6928235393523445,10.22982067601679,0
695,54.132527813631896,65.23298745408192,531.1996527753316,0.16440394433849437,10.550433852818006,0
696,48.146724902624484,76.79775619751625,556.2999266071645,0.5094066434353182,8.873271731621248,0
697,62.50755857456776,65.39040826067577,278.79063164734475,0.6373259862557079,9.59850283268278,1
698,63.71028051726614,51.86095261793736,479.1855545571767,0.31269671759551343,9.198205547077809,1
699,55.14001942741554,77.73967879637908,555.7629535859543,0.3645015162439915,10.625845774851806,1
700,43.664746402843924,79.0324682633339,619.0071324264438,0.8710634507641112,9.880415937393929,0
701,38.108127489619584,75.57162678768425,440.96611919459247,0.9995081374760071,10.572291351430916,0
702,52.63269630394693,79.15837393982196,558.7424922531006,0.982840665906224,9.702157397620365,0
703,72.8097123444537,105.43964189424453,472.1907074184773,0.43775394867017037,10.24424172642268,1
704,80.0862370664529,104.55462074307867,537.2632670854532,0.4777811450451056,9.538354711834844,1
705,45.541428140340884,80.95482977855801,645.9981990754278,0.7806741949377409,9.18303597017203,0
706,33.10554612749252,65.8437212206056,594.5946498743837,0.3420908112434622,9.83661911244496,0
707,49.20603422943455,62.106910492512576,368.32910608126247,0.9395272714945602,10.189399326029722,0
708,42.17700499859468,73.56617645769362,518.5713182708276,0.6858451322849577,10.289186887534532,0
709,46.73834520866582,63.68958099072702,427.73314522853013,0.6101608152504724,10.09936518402576,0
710,50.81113650468111,58.74293101073832,634.5647089455615,0.5753043764284628,9.612537608642794,0
711,50.76254050564669,48.261261517383375,517.6926570808015,0.7678117856443333,9.884326409535873,0
712,46.66169381448238,64.80974078060414,608.1262084757304,0.14520142121690552,10.216787469373873,0
713,48.907473303713765,99.0019470063206,634.3527872252325,0.39675520120509666,9.607365350559421,1
714,50.66550103702966,59.71951639785243,408.76188952106986,0.6333993785828679,10.187427794400636,1
715,69.50158925745228,50.482733677152524,478.2378386039105,0.9309890884514995,9.67166542096261,0
716,38.211915633014236,70.63128577375292,484.45876172267293,0.5529441271722835,9.37123073005453,0
717,61.63894138989353,67.32316047255065,410.789695250539,0.5331874463334861,10.082061627604268,1
718,44.67561725600575,74.32651627681904,644.5848834305846,0.9384355565140371,9.237861086753767,0
719,36.53855745010928,57.50808356907757,575.0280743930424,0.39066673793117923,10.154221431121023,0
720,51.06690112591114,58.827006132266035,638.9008690845432,0.3439860266874323,10.887851618444136,0
721,58.304788544896894,50.47852962827872,323.0601987067939,0.9597020048149104,10.583745272737085,1
722,46.04184719429683,70.95574492924976,622.352229506223,0.3544085905880451,9.421566895403519,0
723,64.10917538250685,61.8165737474755,430.3637683902201,0.3148983930044239,10.103758710523296,1
724,52.26785263321452,79.16255659524303,471.3927932594044,0.6378570436770976,9.451437474638308,0
725,44.892512196850056,81.0227162028028,438.3632548402422,0.1372183895262209,9.587967143944159,1
726,33.49982685074217,90.59725914194351,567.6115051879218,0.5631790423798438,9.965969248483848,0
727,64.87086131495195,77.43670206286258,468.77228175913575,0.19863959023942385,8.970080874574066,1
728,56.31452419261097,44.88066772451401,453.319599135048,0.9367506166584331,10.057535712131159,0
729,57.46110994782764,64.25914029257842,452.45041011355784,0.8450137886670759,9.854130974877666,1
730,47.83361302465929,66.55563345303877,510.674351360823,0.3537395099897006,9.652998671782168,0
731,56.0548112382503,84.56621733683859,486.4762394921391,0.2548691948229419,10.06802656348953,1
732,43.79197843639061,89.0251580791355,651.4799784114485,0.7424653583306757,10.753942090539075,0
733,58.75823750050199,62.37668498203789,387.7456898254546,0.3899051160301501,9.827009710585333,1
734,40.5998252387732,81.95009387169468,612.334182299507,0.33563321709995114,9.766714593734704,0
735,28.378643612291174,68.82042843181856,459.72505506272614,0.6135687011305928,9.868259991702459,0
736,46.81787761728391,60.96556344642765,486.1201254604835,0.42533402985002344,9.964836909207364,0
737,48.380783625932224,50.70099715894051,505.5373675508179,0.32993843519536015,10.183845983288807,0
738,55.58706713982498,76.1086654807402,617.3375637513732,0.16200406984623072,10.396940877585116,0
739,51.55938390223864,55.42026443101466,576.6571181672277,0.7566694465195756,10.592010692428202,0
740,54.248716215181624,70.24188712213447,373.52528824614325,0.10486504326756743,10.00760475096422,1
741,61.46430539689564,81.44564711053275,507.24902455410296,0.6041900514804103,10.157390339078198,1
742,38.8174658810872,80.5728373029572,515.4083616972847,0.4631905754596465,9.874381526648035,0
743,46.85837302572196,53.08614945814615,430.1421373902929,0.16327131979597242,9.89593083702265,1
744,60.72903618043526,81.59098494620632,558.8470079899984,0.3858469438304969,10.364128381352147,1
745,58.2978163878733,88.31634187057598,517.575916306885,0.6958821537970942,10.86205005674679,1
746,57.83188975864191,80.18146912047159,481.7559945606107,0.6936507257047402,9.519822077233243,1
747,35.86697591632167,68.28897775798093,469.5142433992707,0.4896466730688728,10.297524076185628,0
748,47.83847660183471,53.57087101939126,420.2468420181549,0.3121013632993989,9.356000254344671,0
749,64.04880634986797,59.48489810038597,404.85405723013787,0.41228000682916366,10.062578452251355,1
750,49.65793848506562,105.2161646394705,759.1895535395106,0.9708588811162687,10.115707572788358,0
751,51.33405276343698,52.59534238499016,579.4655627565963,0.25725329942807984,10.321317573634055,0
752,44.68984715936039,83.27412786758266,497.6789947735076,0.9791806082814462,10.087948292561581,1
753,37.15729235972194,92.17374007459132,410.25568728014764,0.4093313963470461,9.43333657880466,1
754,51.44846400518845,46.16020779937132,607.1453909088087,0.6120385214050967,10.228485598953505,0
755,36.93222032383378,66.58740632051702,378.5725963955306,0.8801097289892486,9.415768870403497,0
756,76.3293710177285,41.86451250390338,537.8082260664238,0.48973358313583837,9.548376386210236,0
757,39.7805538481105,84.16638079396542,576.610508062433,0.8854431352365337,9.593200544732147,1
758,52.38215566314247,68.24645450565934,466.5080067047439,0.11182256760955078,10.676371143085559,0
759,59.254404835250995,51.050604492941694,497.54762505675944,0.7623072678165707,10.506828676620104,0
760,51.46604248740432,80.87526104233207,316.00089656537165,0.7383914637010488,10.493308097752912,1
761,58.75388125805728,57.98843638505348,521.6599116451783,0.4674038356007869,9.91762040275135,0
762,52.721832723585855,62.677346421262946,513.8867798148506,0.1262345961039656,10.007742931846606,1
763,48.882893700551925,56.40578569897477,577.1008025942243,0.2534358158179507,9.167508711140036,0
764,39.23834199835407,70.39681148258029,388.998630357573,0.27291891637568666,11.135414712409965,1
765,44.76496821247129,56.215198770227815,568.1855546206518,0.8509808199756461,10.07736603015565,0
766,57.39556911025867,68.16311569748656,498.054628825332,0.19584476272152562,10.095669911882212,0
767,45.88944531831322,103.4560225744511,346.34931382441323,0.5248359437952858,9.869338301431148,1
768,54.118753516507205,84.654428067066,673.2505767151459,0.743614800163636,10.401338514324774,0
769,40.27019934485634,67.24984918466988,665.7874091046453,0.4174302951668125,9.878920434640046,0
770,60.683296992877125,75.0503813996427,497.5733854924945,0.638861191326187,10.6231458418517,1
771,59.353570006000446,99.35237663430945,516.8071920630271,0.434142583695752,10.82739944534811,1
772,45.22980222639118,62.76950302750984,502.7908156285884,0.3520825591853741,11.006529729698103,0
773,30.261718094634528,80.9356489181528,485.50609101201724,0.9981290131839126,10.222529761041068,0
774,53.76224778600108,99.0156055407326,501.67874147830815,0.7766388442304037,10.555500853063712,1
775,48.870994138909666,49.09494755600781,575.6033672826883,0.5931793345469105,10.050687123005629,0
776,70.01904230815481,88.06338607561909,530.8773389288324,0.12881642961066717,9.824233689218977,1
777,30.155050141634,63.54695164767193,469.75036464488875,0.3068658828048883,9.90980177543656,0
778,42.50838037610838,93.73508188619606,504.89810201900207,0.21820621005160074,9.86198538615386,1
779,56.360505304001364,40.093171206529505,510.4654315386587,0.6084254904014459,10.430494988235916,0
780,48.23583041266287,75.4946530810525,529.2237985776599,0.9327579611600537,9.14357203880893,1
781,29.40382331036914,82.22020792663596,523.5353228780062,0.8652942248395946,9.274272933400006,0
782,47.271025812695164,71.49993263307337,560.1173688377702,0.9000476705803275,11.342210649533301,0
783,62.26621729967633,71.24343955207688,421.70358724470674,0.3487904949566685,9.663950718390378,1
784,47.651080696093466,80.26824746399183,477.5630509670789,0.1554277905724724,9.248360002871543,1
785,57.38137351183008,80.71560379424719,639.86818249966,0.3261614694062522,10.12118055016035,1
786,62.136649586573064,71.62524441533311,501.643454516414,0.15050059331837215,10.877878497600953,1
787,51.49101191337956,84.42647406607843,452.28576263475287,0.10771634666177599,10.393984709025005,1
788,55.97864546674598,106.64633987836963,588.937230948967,0.5596044433467949,10.525397597565435,1
789,27.782720339803028,85.02118732917278,584.5247901127636,0.1664087806266633,9.18204375011197,0
790,46.991865955088294,79.24456110575564,556.823348480009,0.5486979808392591,9.886256414790266,0
791,63.19076800717801,69.174489664031,412.50086035339905,0.6970486258694172,10.20439656675487,1
792,29.019863915152673,48.563167391530314,489.9880188233777,0.8871387639442287,10.287923788888001,0
793,43.77389104767623,69.19211733627446,389.9579443751585,0.9550519817930196,10.961140384816895,0
794,53.70262637566153,75.56437731604962,561.8184006792484,0.19319858947798396,10.392630774221294,0
795,50.316336242825486,90.1593254403319,520.8921509502192,0.9615301324529449,10.951176653380063,1
796,64.08638080461537,78.99214705956996,461.28394904034616,0.16263033628532764,9.76148170551633,1
797,50.7275917767393,77.8914461671024,387.5401992365306,0.7379554542476049,10.47875698046215,1
798,46.146824713344785,74.94043611076266,365.3018072669331,0.5458485733948555,9.668577978462412,1
799,34.90777646948791,80.57885676831852,552.016599720126,0.8965014463334685,9.797953462571725,0
800,39.723104396106166,90.41359777349572,541.7751217117776,0.5851100970773402,10.553869145253733,1
801,53.36576057329071,104.38833017326782,394.6882808961827,0.5143361224558777,9.740263223915022,1
802,51.05440116516027,80.46337181123315,547.7948116668247,0.8586253341603518,10.469113544058379,0
803,37.912906021545865,52.63916755430023,323.7516832244992,0.50875581777522,10.2194073111228,0
804,61.91373502278095,81.56529372107636,516.4922802567306,0.19125544783828735,11.270820883567383,0
805,45.99231523506456,82.43692072274196,556.4683620609104,0.9299039962867856,9.9250907669593,1
806,55.81033899701737,86.11280256515593,504.16486981418365,0.2095080263921839,10.315403561890399,1
807,36.99622890826688,76.31756187010873,568.5130036135711,0.6915715766634403,10.345271396262218,0
808,44.98710576704461,70.34049165148897,507.2709695744115,0.9644657575730747,10.310125911332285,0
809,45.76263630658109,57.92501329725164,393.1611953372919,0.5568529421466119,10.337454785149193,0
810,47.80680224905703,48.69525437452459,533.4326900764211,0.6857039492375295,8.95926236423761,0
811,36.11761670598466,86.91539334348616,508.5087238693336,0.5398357352874963,9.501383301801331,1
812,39.109678818001115,68.69038918226087,644.5672911018548,0.13584885930508872,11.019889595002502,0
813,48.04852660940808,51.48745007071941,625.2848178706752,0.2417019285412222,10.734905528349572,0
814,63.638137813669644,76.88209290355537,565.2537060063923,0.5925333889597888,9.812543646712575,1
815,39.41921916639542,65.81391214494535,387.34467518056715,0.12225328888223463,9.294652783495195,0
816,48.22438047446701,65.71543290420396,469.3289250397017,0.21746668675487701,9.421158267824213,0
817,49.45509697112203,76.48598691225149,412.4160241610737,0.5563550484121439,9.434474241149454,0
818,42.3086174735384,84.12297359014018,419.3508557655153,0.6021867362010238,10.375920769248703,1
819,35.50092374206302,87.2865925674757,304.4304426275409,0.3180296435137281,9.708606165119015,1
820,66.15715787759152,60.84186799927342,483.4800120613381,0.5566592276181045,10.030916078204164,1
821,47.36123374716873,72.4210799829976,488.6276041479529,0.8003599440336562,10.167403995631458,1
822,55.79456441754204,51.197904131064746,480.4354018076094,0.29855509932998436,9.787862718757859,0
823,50.561455166535204,76.8246318300488,510.04267244243897,0.9854127620098071,10.245992724288122,1
824,54.088296822337085,70.87436383924212,396.95044065327636,0.7203633260685618,9.818468234248934,1
825,37.65997572586406,82.48129491173549,351.59100700368106,0.5170504365136902,8.986349171708632,1
826,40.83828685377349,82.97426437642186,453.7832147316159,0.7572252030697856,11.102906171404156,0
827,31.24446440159464,89.94415338758427,604.6822161441527,0.559705620547764,10.902275625862563,0
828,34.08114552452335,89.69507526108244,435.6512729324078,0.29300255521680296,10.158963609653883,1
829,56.076306884614745,67.82733046236818,570.6661505613041,0.27002889680299785,10.765916059802215,1
830,50.43945858161585,72.2547657513547,536.4833783842533,0.20640494451141933,9.795869000209791,0
831,34.43866423801098,51.66187503338665,389.72967361448696,0.5007560619148855,10.053376732406212,0
832,40.102101975955975,84.03616189137193,413.12666203667686,0.6552175720234641,9.312016884165521,1
833,37.328947689271146,81.14408670307627,558.2735053100864,0.22706466215962273,10.980189493744138,1
834,65.67594887747163,57.744546011275105,575.6176326586709,0.8335803579931562,10.424312291704364,0
835,42.40224470251282,90.37477265136118,555.5909780531185,0.36945533018316123,9.200702314156443,1
836,54.55092760398334,37.276257143517384,679.4426436294553,0.6035558624406909,10.005440413353783,0
837,43.84607799925203,63.734855667551116,555.1543317935075,0.5984906637327623,9.847913091049026,0
838,35.15908951164711,79.57510084535004,513.4187612171806,0.1632424673942255,10.033080385851918,0
839,69.05478429229677,72.0616925305574,396.7027315574253,0.4774459730178189,10.12070791121488,1
840,62.22532224954909,70.60228857044187,498.6838066165859,0.21547110445813922,10.26755887739056,1
841,41.57587865355906,77.47051853295434,525.9062984238383,0.25434711443362557,9.81992989173127,0
842,51.061420318391015,68.57833341696755,393.60822996990095,0.8648150431790932,10.153974912331176,0
843,58.1718714108857,83.37254047923228,471.21863623071624,0.634035956453097,10.079724499265266,1
844,49.23501700980919,49.23086695016274,449.8324484605741,0.32101773901577096,8.842144444545191,0
845,52.1250904096226,76.17617613373558,570.6566297261843,0.25100953202486154,9.645706448131492,1
846,72.44566261912257,64.03460700890955,471.8027209711715,0.12112572433567195,10.373563868194898,1
847,58.978664746057774,75.07857963336683,466.6347001185485,0.8692343555081595,10.348136741519538,0
848,32.66806022224462,35.89803202770217,496.7622340776978,0.6449287553477736,9.05882163479039,0
849,55.23476530067592,68.93592180501994,286.49080177534466,0.9544093518446263,9.818424202472805,1
850,73.80206510791923,66.50482048421419,578.5893225215971,0.34691200264514654,9.973676253600804,0
851,39.17215712125387,74.87491127511842,538.585443364694,0.9590344172268586,10.02213002905198,0
852,33.4321331021405,93.95237721302047,600.2024911254202,0.5795942439822661,10.173878118404982,0
853,46.729369686082784,42.750702157922156,530.4446312404868,0.31764191421953947,9.566020298306581,0
854,60.70833662172127,51.254420438156686,543.8566841669732,0.1599107100396046,9.43555048539042,0
855,45.552280563724146,95.07246128889011,437.6301665994288,0.5575718429358282,8.648847510066274,1
856,63.848005419754514,83.58116718998048,513.895568049009,0.9442751468286529,10.0109758183595,1
857,44.750260932552095,69.36926371992294,683.4506525046414,0.7188553320681678,10.144592887710639,0
858,45.14029838720005,82.32039267426242,607.2520000057069,0.7036790366068237,9.335441215698546,1
859,62.371614093169505,78.35558989132424,373.5886194044692,0.6016805208808982,10.424099009768664,1
860,59.114482099941426,67.10497379166316,520.8063080150743,0.18971722234437216,10.054119582937266,0
861,49.519871248937086,58.642141412342994,760.0037281854575,0.36129129831131945,10.04965306799885,0
862,65.10549398010262,73.4186648546132,440.7090867725572,0.208074609017394,9.456549636812873,1
863,53.70780951082671,84.78400781369545,520.331050634181,0.14315653996826347,9.523207110464162,1
864,40.257037590646604,83.02847293328377,615.1201340032287,0.9527578549169575,10.042545067355437,0
865,51.79972170071108,69.32218104739691,420.134180997337,0.875365237855035,10.35920939365824,1
866,42.63557091255906,85.50660611238371,415.1066980338887,0.9679857410098744,10.057796982040065,0
867,45.51549155856311,86.0662394835656,405.4005234134321,0.47463535400104473,10.525332327161975,1
868,51.0052232616391,78.01211182397418,467.4888367050513,0.34423113277803435,10.029735509098058,1
869,58.01344247442512,53.97711856445295,463.32702894078,0.9465664543353443,9.994452813318382,1
870,57.49110009307854,85.52646330651834,493.3679115733938,0.5173508839942054,9.153278075388636,1
871,51.65633562622015,47.681474208703136,462.97020045589363,0.5430376976626119,9.906926802419747,0
872,69.35501761466317,90.57649154598712,478.1151127011578,0.13242839361624154,9.769440991396019,1
873,63.13742098224748,72.18015791087532,465.7300126234728,0.14527931153527346,9.659281134250742,1
874,41.031569834785586,75.12707044355686,609.8326642973021,0.8000434316440344,10.459200111856285,0
875,57.73099062477287,60.20102316911678,614.2473996793659,0.2540976386176783,9.422614244120558,0
876,56.78862968099461,70.43648743724006,422.77570400884065,0.7294681514814313,10.002118184255643,0
877,45.102724975219246,98.1268151214173,468.32881184657936,0.27415368730820877,11.182513920839781,1
878,32.254755839568325,61.738528934031336,541.2141887478307,0.9498199852530946,10.22480430690598,0
879,58.22706867695416,58.660157776887736,480.1722967254057,0.1872848470740115,9.96160862099377,1
880,55.49837068698312,79.02677165305118,521.4355636305115,0.8980281898699362,10.184195310080636,1
881,25.358359746198996,68.42154513469634,656.7780487535973,0.6125372045150469,9.673951583928977,0
882,61.384579945902715,92.53563990894042,451.7983338614016,0.15667627886353777,10.698887631651754,1
883,68.26735107743298,61.33517361854269,513.0522259600064,0.5540156491247537,8.527196790929036,0
884,54.880347157320166,64.90808417710778,643.1055851119074,0.7120851878317942,10.30380732719573,0
885,52.10603529734928,81.68129108590337,571.5110730800251,0.43538864750764106,8.747887501904744,0
886,42.495277027588415,90.63671691934246,578.9093967043029,0.7283387135374296,9.877833041709183,0
887,38.02184928372781,61.160282839824525,370.24523197163967,0.4346199919659909,10.234208413615002,0
888,43.513727821463505,90.34032059940789,381.9162025940345,0.9388934505896234,9.835303657194205,1
889,47.48481643892997,98.24617622146194,615.0310185527755,0.334041954098664,10.445341910932703,1
890,59.408971624182826,68.65472276475668,426.13760171164665,0.5848676306690056,9.76747454240585,1
891,50.179550763991976,78.68503718219797,604.4566918114663,0.12532908815276506,9.863061528147172,1
892,56.14946495369921,88.64890149385991,487.3626256964248,0.28637011664887546,9.894860523018306,1
893,34.778591734355984,74.44271574423817,512.748363178356,0.293802638473902,10.003868724656884,0
894,56.53732704564662,92.30928982181455,306.1421651252641,0.4686362336674398,10.17244796037735,1
895,61.008271917133285,91.16053225936253,481.8556765804891,0.49938479047842654,10.122821929849243,1
896,54.31557156516442,61.119269206450824,351.21316055312803,0.6968486085690188,9.440846290854264,0
897,39.32062593118836,70.04300705915242,450.1367668612564,0.948350209697646,10.29290776195676,0
898,39.32488490377085,81.84609023386733,551.2420339601625,0.851399564545388,9.41732087749807,0
899,58.47265720555683,92.17694741786244,562.3530686125749,0.8450421871680093,10.657705887965022,1
900,37.105898637407,85.48249550187711,549.6077617330452,0.48451080463134855,9.960322821894026,0
901,52.60540185585267,69.05092992144039,613.5484903585891,0.8381689247050109,9.67574259894235,0
902,58.67094019708686,93.6486478921141,578.4044727912287,0.7601446308068948,10.723222874351137,1
903,40.32621053379516,105.22390894375951,440.9712206467558,0.567467577169505,9.977241380584598,1
904,47.969986679420145,52.28867084285612,576.9099129537623,0.32418667718223576,10.728937085852996,0
905,61.56100960499461,81.94963494204436,384.888479627027,0.7624732742470606,10.021503296021665,1
906,54.57034675754457,63.01802824227488,486.04152040909855,0.37622947471459356,9.625912105531107,1
907,65.84695505867467,74.75686154966132,512.7909937165836,0.6392545589663102,10.518573323880888,1
908,40.58874466013961,68.31837937126538,330.5108378446043,0.6993548269786526,10.667119093342949,1
909,46.52311355491329,74.01015061340554,577.7498454518114,0.5219722557274167,10.796431528998605,0
910,40.316672480396,74.27287888641644,552.8543686808409,0.3638284132220999,10.660551855610727,0
911,48.281199756779905,84.74800284846492,535.7813538278806,0.7985266322704656,10.198146801085045,1
912,64.44781166375863,72.02986478174091,479.20642871155326,0.3153876991123366,10.56327730098638,1
913,25.792626430734952,72.09935997206395,390.8972082896393,0.6481168370053143,11.090333562332184,1
914,58.36618337903105,108.16254157442947,561.866665566463,0.6868921082834828,9.903579302578256,1
915,39.493382696095395,72.47835114717088,397.9618099041513,0.3788615768905028,8.965118823143353,1
916,53.203300403490175,75.94314651399822,668.9888931764676,0.2772789706073968,8.725243260297233,1
917,56.06037051928926,80.08307349929187,530.0440505058482,0.7218057795514023,9.269694666434464,0
918,60.29911706206983,71.26920590347302,419.11825426916863,0.7358165419816641,10.438499961282858,1
919,52.422872275367276,80.52693159200088,473.7399628615659,0.6776236119177091,10.804441168998732,1
920,38.04381021077241,68.20467854581041,542.3005055255511,0.36265629281680956,9.496211031280499,0
921,53.40525766198034,102.45297972390442,422.57503147623794,0.6424036140209073,10.398114089554742,1
922,36.030990158009146,75.76880213397058,488.12708182743216,0.412329727679149,10.19138469559191,1
923,44.771309534266884,60.52103178160154,412.01304312642253,0.5898594188946894,9.98160964135099,0
924,51.85783913554164,111.48766308497136,515.0682495255145,0.1775858570341689,10.54306549498338,1
925,51.59080252395279,61.14503793881916,553.4477991974975,0.724218046489219,10.947196893808847,0
926,66.26929402189273,61.12172354905031,459.44440374043126,0.9109526281681222,9.279339985495223,0
927,46.823457003976785,84.18066360812156,559.0672430326445,0.4049221311006762,9.946220937129652,1
928,42.27656726678729,58.41802921170675,314.3567209528186,0.7794368851221071,9.66818361966952,0
929,58.43492100937736,98.3003393612133,585.849418577469,0.7859054928809888,9.416007108091268,0
930,47.08416229079301,59.52946537132577,579.1128196613713,0.9790943438808428,9.219334069791794,0
931,43.50910589473938,88.11606614951526,513.7970309559488,0.1338484170225666,8.472758731837,1
932,38.835352724888125,68.99390805216923,517.7077747838734,0.42261322108193544,10.470848088088713,0
933,40.2939655671948,59.452728221416635,571.9678586977508,0.8365080732523393,9.311400977720433,0
934,50.36049082284235,93.81277338203563,531.3363665556599,0.5372795661973291,10.174604822313942,1
935,53.0680300758107,83.93477014441245,523.5065005503043,0.5293838982591641,8.977795398035957,1
936,40.73651712993787,69.51341652853723,421.26599414316763,0.9110562563423895,9.487862973274746,0
937,56.518026965530275,68.61273302516301,637.469265617482,0.4845362974821459,9.487990542216417,0
938,40.76168947368912,57.248941386177094,634.7156679937339,0.10718703659734678,11.078092184074267,0
939,47.98185320888992,91.75948431369655,520.1945000606634,0.7628959132168668,9.897979962131371,1
940,61.195650046496006,92.26177994587547,420.80011030967626,0.7949485174102727,8.518882289966275,1
941,38.860947567290054,62.65204270038666,662.8797000125537,0.9443653192785728,9.105094459216708,0
942,32.427143939687056,48.130913384434194,376.10438993564026,0.2632930095613819,10.645186998838676,0
943,51.41778820427692,64.41972396291146,394.6820180414209,0.6045754705807315,10.052078253920474,1
944,50.629744361180904,69.67602673966508,434.9907843062064,0.5090303779163139,10.361596628883996,1
945,44.95608469645913,82.47248105638575,560.0265967595236,0.9325372290419822,10.79840885528558,0
946,48.671456425944086,43.47697766499361,469.4632187448649,0.10294769909123543,10.708719806624941,0
947,45.22500990116812,88.80577302157485,487.6335612319167,0.15697032748085277,10.383548755888956,1
948,45.559900515097915,64.41236661926867,481.47771951787274,0.4471997536592376,10.075473403602496,0
949,43.047573487258674,64.2273283579614,477.03143481940816,0.29458146422887843,10.633959519058187,0
950,49.263622046221755,108.07878966649083,459.42387034803136,0.920509578672269,9.758645576957118,1
951,17.761612649304396,78.38878444958695,471.4424180880107,0.8610450488163667,9.788150752109969,0
952,47.10950779217232,73.63530741520437,624.9331725042873,0.19659632754979484,10.085721236833038,0
953,51.49435913371946,96.49192629831282,538.3962651157831,0.3151206063861796,10.072293250015303,1
954,47.29028535563469,101.01345873884759,367.80136187846557,0.7007612515504525,9.552667606521743,1
955,35.92345564105898,97.95184327409264,712.5159143204853,0.2241752518775323,9.872601380272355,0
956,54.42118940459343,97.18614506127379,589.4890364684326,0.11768019354865593,9.499455210556633,1
957,48.545745894241385,61.69826744608852,423.97120415714113,0.3807559710657179,10.027909458028018,0
958,40.7107930755178,72.16617834594574,382.12177074131563,0.31043803380329194,9.564212746589561,1
959,45.706191676590954,77.21657119505481,472.1488137142402,0.405978873077953,9.60189235098178,1
960,53.30442058247516,69.4066049161666,641.2839856015305,0.4204410665783481,9.780377741753288,0
961,51.17234662853655,61.13421453416273,609.9655557592226,0.4285441079395861,9.925929560844315,0
962,50.99838983339811,67.78819014791938,517.8346032471968,0.6898138905434795,10.366701621351114,0
963,45.45234552428419,78.20382666389509,482.1273197192132,0.512811306165674,10.415979199880406,1
964,70.14345670688851,78.51705507482461,433.51523054075756,0.2078153559714637,10.31049600699018,1
965,50.975268561459174,84.59094610273952,473.56728551731175,0.7422123923720477,10.007830180275482,1
966,51.203417541235694,90.10655903966025,513.2057805426737,0.121299944066285,10.372980860303311,1
967,54.63481292299722,86.88032889739249,488.9609632895797,0.6952820194586129,10.50374398257959,1
968,57.150519262848995,100.92061421582305,481.8131400177715,0.8938545616896434,10.059078150144233,1
969,40.91081633368341,70.47479276790567,504.3567093442572,0.23916984538743163,9.52141632195492,0
970,22.23562976908928,87.78459634680253,559.9043132934733,0.9938677516026607,10.672545405995583,0
971,51.11287739919986,59.44797188398344,598.725578610641,0.8224567906825107,10.036604784049757,0
972,58.98152124231619,80.61647681108464,588.0706269992928,0.8165241580534892,10.704300729414694,0
973,56.84031606000185,80.84722924928423,407.5621757230325,0.12030028721295233,10.433396497395536,1
974,35.19120244966699,55.23431870035597,523.3703410730817,0.6948357014523245,9.893798195006768,0
975,48.40116005756394,71.95237802491782,557.2245645885803,0.8258088601592087,10.530025430580341,1
976,47.152406808600105,85.83794444205918,380.63725614545,0.6439188266836218,10.348405885872276,1
977,40.395298655852194,73.72918855092622,539.7866993869984,0.9310944855309746,9.582561562602965,0
978,52.90274917551721,50.62456600345083,562.7694978231298,0.8153853478589215,9.960508310064403,0
979,50.03759361107689,57.96421457959747,403.04617235516776,0.5246370884230424,9.934202702664605,1
980,45.88139514101291,78.71314716919262,390.9998804943,0.8300516317745741,10.064122631040025,1
981,37.91452421793306,75.9070250881969,463.03258680550823,0.2481458789359723,9.537522304502403,0
982,56.408243111030174,76.605599481512,537.0576908521687,0.10762447792885908,8.688273372740488,1
983,37.06270202232144,47.03912709084677,327.1769095609478,0.8779822952236699,10.033449718777637,0
984,55.26592209015689,83.22514133688927,616.4854069990199,0.43419860656621245,9.643898276733825,0
985,28.87307178019004,86.55245132390442,568.6136360042507,0.7286201214141759,9.60885156920357,0
986,50.78149713461968,63.987890587888636,464.8356175836923,0.8414155923417809,10.268576372031715,0
987,40.133140275011954,71.70976780848041,446.2573949796396,0.3091761629759353,9.980853886838565,1
988,63.972075554678725,71.37157328502533,394.89954900867804,0.8803971600156103,10.472195802786075,0
989,54.320684966587066,98.68910743568716,569.6704487662471,0.8117902630002568,9.807085856139414,1
990,45.87848424062216,81.82002340724952,437.2894785432768,0.9669458670003196,9.949172479562723,1
991,46.77307360996397,72.86389790197885,558.91195352443,0.802257235904946,9.782556233920298,1
992,55.22477196827861,61.1743902829227,365.194367092925,0.33533458923092313,8.602099868604652,0
993,46.58093801029681,84.68021473405389,614.1981631198075,0.8984681530040686,9.25616973340122,0
994,47.050454913421845,87.2554332805763,455.5860875467348,0.9964985917983602,10.633097080028563,1
995,50.39314875257624,85.29076407276231,494.97651315637154,0.6157621794561008,9.780539884152313,1
996,61.14037521219472,56.240739721257796,437.0338702720424,0.45918879743870034,9.787162725002661,1
997,48.48614809503933,69.0199224670479,518.3695078166305,0.8775163172173205,9.730591205759737,0
998,52.863253715348904,58.93117265474049,494.3878822833403,0.7772565988072319,10.136021968138639,0
999,27.664899234194237,61.27205197700068,496.003646588049,0.563825628442642,10.817291406498876,0
